ID,y
1,77.45058252427184
2,93.41979966611026
3,77.45058252427184
4,77.45058252427184
5,112.16189445196221
8,93.41979966611026
10,112.16189445196221
11,93.41979966611026
12,117.2417777777778
14,93.41979966611026
15,117.2417777777778
16,118.23
17,93.41979966611026
19,93.41979966611026
20,103.22658256880727
21,93.41979966611026
22,117.2417777777778
23,93.41979966611026
26,95.0136086956522
28,93.41979966611026
29,93.41979966611026
33,93.41979966611026
35,95.0136086956522
41,93.41979966611026
42,93.41979966611026
43,117.2417777777778
45,103.22658256880727
46,103.22658256880727
51,93.41979966611026
53,77.45058252427184
55,112.16189445196221
56,93.41979966611026
57,103.72
58,95.0136086956522
59,103.22658256880727
63,112.16189445196221
64,93.41979966611026
65,103.22658256880727
69,95.0136086956522
71,95.0136086956522
72,103.22658256880727
73,93.41979966611026
76,103.22658256880727
77,103.22658256880727
78,114.72999999999999
82,93.41979966611026
83,103.22658256880727
84,93.41979966611026
85,103.22658256880727
87,112.16189445196221
88,93.41979966611026
89,112.16189445196221
91,93.41979966611026
93,95.0136086956522
94,103.22658256880727
95,93.41979966611026
96,112.16189445196221
97,93.41979966611026
98,112.16189445196221
99,93.41979966611026
101,103.22658256880727
103,112.16189445196221
104,93.41979966611026
105,112.16189445196221
110,95.0136086956522
111,112.16189445196221
113,112.16189445196221
114,93.41979966611026
115,111.86898550724639
117,112.16189445196221
120,93.41979966611026
121,112.16189445196221
122,93.41979966611026
123,112.16189445196221
126,112.16189445196221
132,112.16189445196221
135,103.22658256880727
137,103.22658256880727
138,93.41979966611026
140,93.41979966611026
142,111.86898550724639
144,112.16189445196221
148,93.41979966611026
149,112.16189445196221
155,93.41979966611026
156,112.16189445196221
157,93.41979966611026
162,112.16189445196221
163,95.0136086956522
167,93.41979966611026
172,117.2417777777778
179,112.16189445196221
180,93.41979966611026
181,112.16189445196221
182,93.41979966611026
183,112.16189445196221
185,112.16189445196221
187,112.16189445196221
188,93.41979966611026
189,93.41979966611026
191,93.41979966611026
192,111.86898550724639
193,93.41979966611026
194,112.16189445196221
195,93.41979966611026
196,112.16189445196221
198,95.0136086956522
199,112.16189445196221
201,103.22658256880727
204,93.41979966611026
205,118.23
206,93.41979966611026
210,93.41979966611026
211,103.22658256880727
216,112.16189445196221
219,117.2417777777778
220,93.41979966611026
221,112.16189445196221
226,112.16189445196221
227,93.41979966611026
228,112.16189445196221
230,112.16189445196221
231,93.41979966611026
235,117.2417777777778
236,93.41979966611026
238,112.16189445196221
242,103.22658256880727
243,93.41979966611026
244,77.45058252427184
245,112.16189445196221
247,112.16189445196221
248,93.41979966611026
249,93.41979966611026
250,112.16189445196221
251,93.41979966611026
253,117.2417777777778
254,93.41979966611026
256,93.41979966611026
257,93.41979966611026
258,112.16189445196221
259,93.41979966611026
262,77.45058252427184
266,93.41979966611026
267,112.16189445196221
272,103.22658256880727
273,112.16189445196221
275,93.41979966611026
276,112.16189445196221
279,93.41979966611026
280,103.22658256880727
283,93.41979966611026
285,112.16189445196221
288,112.16189445196221
289,93.41979966611026
290,103.22658256880727
291,93.41979966611026
292,112.16189445196221
293,112.16189445196221
296,93.41979966611026
297,112.16189445196221
298,114.72999999999999
299,93.41979966611026
304,93.41979966611026
305,77.45058252427184
306,93.41979966611026
307,112.16189445196221
311,103.22658256880727
313,112.16189445196221
314,93.41979966611026
316,93.41979966611026
324,93.41979966611026
327,93.41979966611026
329,93.41979966611026
330,112.16189445196221
337,103.22658256880727
338,93.41979966611026
339,103.22658256880727
340,93.41979966611026
343,93.41979966611026
345,117.2417777777778
346,93.41979966611026
347,112.16189445196221
349,111.86898550724639
350,93.41979966611026
352,112.16189445196221
353,93.41979966611026
354,77.45058252427184
357,93.41979966611026
358,112.16189445196221
362,112.16189445196221
364,111.86898550724639
365,103.22658256880727
366,93.41979966611026
367,112.16189445196221
368,93.41979966611026
370,77.45058252427184
373,95.0136086956522
377,93.41979966611026
378,112.16189445196221
382,103.22658256880727
384,112.16189445196221
390,93.41979966611026
392,112.16189445196221
393,112.16189445196221
395,93.41979966611026
396,103.22658256880727
399,77.45058252427184
406,112.16189445196221
408,112.16189445196221
409,93.41979966611026
410,77.45058252427184
412,112.16189445196221
413,93.41979966611026
419,93.41979966611026
420,112.16189445196221
421,93.41979966611026
430,104.292
434,93.41979966611026
436,93.41979966611026
437,93.41979966611026
438,93.41979966611026
439,112.16189445196221
440,93.41979966611026
443,112.16189445196221
446,93.41979966611026
448,93.41979966611026
452,93.41979966611026
453,103.22658256880727
457,103.22658256880727
458,93.41979966611026
459,111.86898550724639
460,103.22658256880727
462,103.22658256880727
464,103.22658256880727
465,117.2417777777778
467,112.16189445196221
471,112.16189445196221
472,82.38666666666667
473,93.41979966611026
475,93.41979966611026
480,95.0136086956522
488,112.16189445196221
490,112.16189445196221
491,103.22658256880727
492,77.45058252427184
493,93.41979966611026
497,93.41979966611026
498,112.16189445196221
499,95.0136086956522
500,103.22658256880727
501,93.41979966611026
502,112.16189445196221
506,77.45058252427184
510,112.16189445196221
511,93.41979966611026
512,93.41979966611026
516,93.41979966611026
518,93.41979966611026
519,112.16189445196221
521,93.41979966611026
522,112.16189445196221
526,112.16189445196221
529,93.41979966611026
532,112.16189445196221
533,93.41979966611026
536,112.16189445196221
537,104.292
539,93.41979966611026
540,103.22658256880727
541,93.41979966611026
543,93.41979966611026
546,112.16189445196221
547,93.41979966611026
548,77.45058252427184
551,93.41979966611026
552,103.22658256880727
556,103.22658256880727
557,95.0136086956522
558,112.16189445196221
559,93.41979966611026
560,118.23
562,110.63
566,95.0136086956522
570,112.16189445196221
571,93.41979966611026
572,103.22658256880727
573,93.41979966611026
575,117.2417777777778
576,112.16189445196221
577,93.41979966611026
579,93.41979966611026
580,112.16189445196221
581,112.16189445196221
589,112.16189445196221
591,103.22658256880727
593,93.41979966611026
594,103.22658256880727
595,93.41979966611026
598,93.41979966611026
602,112.16189445196221
604,112.16189445196221
606,111.86898550724639
608,93.41979966611026
609,103.22658256880727
610,93.41979966611026
616,112.16189445196221
617,95.0136086956522
618,103.22658256880727
620,103.22658256880727
622,112.16189445196221
623,93.41979966611026
624,134.43
626,112.16189445196221
628,112.16189445196221
629,93.41979966611026
630,112.16189445196221
637,93.41979966611026
638,103.22658256880727
643,93.41979966611026
645,95.0136086956522
646,112.16189445196221
648,95.0136086956522
652,95.0136086956522
653,93.41979966611026
654,112.16189445196221
656,112.16189445196221
657,93.41979966611026
659,93.41979966611026
660,103.22658256880727
663,93.41979966611026
664,112.16189445196221
666,103.22658256880727
668,112.16189445196221
669,93.41979966611026
671,95.0136086956522
675,93.41979966611026
677,93.41979966611026
678,112.16189445196221
679,103.22658256880727
682,95.0136086956522
685,103.22658256880727
687,93.41979966611026
688,93.41979966611026
693,112.16189445196221
696,93.41979966611026
698,95.0136086956522
701,93.41979966611026
704,103.22658256880727
705,117.2417777777778
709,112.16189445196221
710,93.41979966611026
711,103.72
712,95.0136086956522
714,112.16189445196221
715,93.41979966611026
716,112.16189445196221
717,93.41979966611026
720,117.2417777777778
721,93.41979966611026
724,103.22658256880727
725,93.41979966611026
726,112.16189445196221
728,112.16189445196221
731,93.41979966611026
734,103.22658256880727
738,93.41979966611026
745,112.16189445196221
746,93.41979966611026
751,77.45058252427184
754,93.41979966611026
756,93.41979966611026
758,93.41979966611026
759,128.365
761,117.2417777777778
766,93.41979966611026
767,112.16189445196221
768,93.41979966611026
769,112.16189445196221
770,95.0136086956522
771,77.45058252427184
772,103.22658256880727
773,93.41979966611026
774,112.16189445196221
776,112.16189445196221
777,93.41979966611026
780,117.2417777777778
782,103.22658256880727
787,103.22658256880727
788,93.41979966611026
792,93.41979966611026
793,112.16189445196221
798,93.41979966611026
800,93.41979966611026
806,112.16189445196221
809,112.16189445196221
811,112.16189445196221
812,93.41979966611026
814,117.2417777777778
816,103.22658256880727
817,93.41979966611026
818,103.22658256880727
820,112.16189445196221
823,93.41979966611026
829,93.41979966611026
830,128.365
831,93.41979966611026
834,112.16189445196221
839,93.41979966611026
841,77.45058252427184
844,103.22658256880727
845,93.41979966611026
848,93.41979966611026
850,93.41979966611026
851,103.22658256880727
852,93.41979966611026
854,93.41979966611026
855,95.0136086956522
856,103.22658256880727
859,103.22658256880727
861,112.16189445196221
864,93.41979966611026
865,112.16189445196221
866,93.41979966611026
867,93.41979966611026
869,95.0136086956522
871,93.41979966611026
872,112.16189445196221
882,103.22658256880727
883,93.41979966611026
885,93.41979966611026
888,93.41979966611026
893,112.16189445196221
901,112.16189445196221
903,103.22658256880727
904,95.0136086956522
905,103.22658256880727
910,95.0136086956522
911,112.16189445196221
914,112.16189445196221
918,112.16189445196221
921,93.41979966611026
928,93.41979966611026
929,103.22658256880727
932,93.41979966611026
933,103.22658256880727
934,95.0136086956522
935,112.16189445196221
937,77.45058252427184
939,93.41979966611026
940,103.22658256880727
941,93.41979966611026
942,103.22658256880727
943,95.0136086956522
944,103.22658256880727
947,112.16189445196221
949,112.16189445196221
951,112.16189445196221
952,93.41979966611026
953,103.22658256880727
954,77.45058252427184
957,112.16189445196221
959,93.41979966611026
960,112.16189445196221
963,117.2417777777778
965,112.16189445196221
967,103.22658256880727
971,93.41979966611026
972,77.45058252427184
973,95.0136086956522
974,112.16189445196221
975,93.41979966611026
978,128.365
980,112.16189445196221
981,95.0136086956522
984,112.16189445196221
986,95.0136086956522
988,93.41979966611026
989,112.16189445196221
990,103.22658256880727
992,112.16189445196221
996,93.41979966611026
999,112.16189445196221
1000,93.41979966611026
1001,112.16189445196221
1002,93.41979966611026
1003,112.16189445196221
1004,93.41979966611026
1008,112.16189445196221
1009,93.41979966611026
1010,103.22658256880727
1012,112.16189445196221
1013,93.41979966611026
1014,112.16189445196221
1015,93.41979966611026
1016,117.2417777777778
1019,93.41979966611026
1020,112.16189445196221
1021,95.0136086956522
1022,103.22658256880727
1024,95.0136086956522
1025,77.45058252427184
1027,95.0136086956522
1028,103.22658256880727
1029,93.41979966611026
1030,93.41979966611026
1033,112.16189445196221
1036,93.41979966611026
1037,112.16189445196221
1038,93.41979966611026
1042,93.41979966611026
1043,103.22658256880727
1044,93.41979966611026
1045,112.16189445196221
1047,128.365
1050,93.41979966611026
1051,112.16189445196221
1054,93.41979966611026
1056,95.0136086956522
1057,93.41979966611026
1059,93.41979966611026
1062,104.292
1063,103.22658256880727
1064,95.0136086956522
1066,93.41979966611026
1070,103.22658256880727
1076,112.16189445196221
1077,104.292
1078,112.16189445196221
1080,112.16189445196221
1082,111.82333333333332
1083,93.41979966611026
1089,111.82333333333332
1091,93.41979966611026
1093,93.41979966611026
1097,95.0136086956522
1099,93.41979966611026
1101,95.0136086956522
1103,93.41979966611026
1104,112.16189445196221
1106,112.16189445196221
1109,93.41979966611026
1110,112.16189445196221
1111,93.41979966611026
1112,112.16189445196221
1114,93.41979966611026
1116,93.41979966611026
1117,112.16189445196221
1120,93.41979966611026
1124,112.16189445196221
1125,93.41979966611026
1126,112.16189445196221
1134,112.16189445196221
1137,93.41979966611026
1138,112.16189445196221
1144,112.16189445196221
1145,93.41979966611026
1146,93.41979966611026
1148,93.41979966611026
1150,93.41979966611026
1152,103.22658256880727
1153,93.41979966611026
1154,103.22658256880727
1155,93.41979966611026
1157,93.41979966611026
1162,93.41979966611026
1165,112.16189445196221
1166,93.41979966611026
1167,103.22658256880727
1168,95.0136086956522
1169,103.22658256880727
1171,117.2417777777778
1172,95.0136086956522
1173,103.22658256880727
1174,93.41979966611026
1176,95.0136086956522
1177,103.22658256880727
1178,93.41979966611026
1182,112.16189445196221
1186,95.0136086956522
1187,112.16189445196221
1188,93.41979966611026
1189,117.2417777777778
1191,103.22658256880727
1192,93.41979966611026
1197,112.16189445196221
1198,93.41979966611026
1200,77.45058252427184
1201,93.41979966611026
1203,95.0136086956522
1209,117.2417777777778
1214,103.22658256880727
1218,112.16189445196221
1222,93.41979966611026
1226,93.41979966611026
1228,93.41979966611026
1230,93.41979966611026
1232,82.38666666666667
1233,93.41979966611026
1236,111.86898550724639
1238,93.41979966611026
1241,112.16189445196221
1244,103.22658256880727
1246,93.41979966611026
1247,112.16189445196221
1250,112.16189445196221
1251,93.41979966611026
1254,112.16189445196221
1255,93.41979966611026
1256,112.16189445196221
1257,93.41979966611026
1258,93.41979966611026
1259,112.16189445196221
1260,93.41979966611026
1263,112.16189445196221
1267,77.45058252427184
1268,112.16189445196221
1271,93.41979966611026
1272,112.16189445196221
1274,103.22658256880727
1275,93.41979966611026
1276,112.16189445196221
1277,93.41979966611026
1279,93.41979966611026
1281,93.41979966611026
1282,93.41979966611026
1283,112.16189445196221
1285,112.16189445196221
1286,93.41979966611026
1289,112.16189445196221
1296,112.16189445196221
1299,93.41979966611026
1301,93.41979966611026
1306,93.41979966611026
1307,93.41979966611026
1308,93.41979966611026
1313,112.16189445196221
1314,93.41979966611026
1315,112.16189445196221
1316,93.41979966611026
1317,112.16189445196221
1319,93.41979966611026
1323,95.0136086956522
1324,103.22658256880727
1325,93.41979966611026
1328,102.152
1329,95.0136086956522
1330,112.16189445196221
1331,93.41979966611026
1332,103.22658256880727
1337,93.41979966611026
1338,112.16189445196221
1339,93.41979966611026
1340,112.16189445196221
1343,112.16189445196221
1347,107.57714285714283
1348,93.41979966611026
1349,107.57714285714283
1352,93.41979966611026
1354,95.0136086956522
1359,112.16189445196221
1360,95.0136086956522
1363,112.16189445196221
1364,93.41979966611026
1365,107.57714285714283
1366,93.41979966611026
1372,93.41979966611026
1375,107.57714285714283
1376,93.41979966611026
1378,93.41979966611026
1379,112.16189445196221
1380,95.0136086956522
1381,107.57714285714283
1384,111.86898550724639
1387,93.41979966611026
1388,112.16189445196221
1392,77.45058252427184
1394,107.57714285714283
1395,93.41979966611026
1396,112.16189445196221
1398,93.41979966611026
1399,112.16189445196221
1400,93.41979966611026
1401,93.41979966611026
1403,93.41979966611026
1404,111.86898550724639
1406,112.16189445196221
1407,93.41979966611026
1408,112.16189445196221
1410,77.45058252427184
1412,112.16189445196221
1413,93.41979966611026
1415,93.41979966611026
1420,112.16189445196221
1422,112.16189445196221
1423,111.86898550724639
1424,112.16189445196221
1425,93.41979966611026
1426,77.45058252427184
1427,95.0136086956522
1429,93.41979966611026
1430,112.16189445196221
1431,95.0136086956522
1432,107.57714285714283
1434,112.16189445196221
1437,93.41979966611026
1438,107.57714285714283
1440,112.16189445196221
1441,112.16189445196221
1442,93.41979966611026
1444,112.16189445196221
1445,93.41979966611026
1446,107.57714285714283
1448,93.41979966611026
1453,93.41979966611026
1454,112.16189445196221
1455,93.41979966611026
1456,128.78
1458,112.16189445196221
1459,93.41979966611026
1461,93.41979966611026
1465,93.41979966611026
1466,112.16189445196221
1469,95.0136086956522
1472,93.41979966611026
1474,93.41979966611026
1477,112.16189445196221
1479,112.16189445196221
1482,93.41979966611026
1483,77.45058252427184
1487,95.0136086956522
1488,112.16189445196221
1490,112.16189445196221
1492,111.86898550724639
1494,117.2417777777778
1496,107.57714285714283
1497,93.41979966611026
1499,95.0136086956522
1502,93.41979966611026
1507,111.86898550724639
1508,93.41979966611026
1509,112.16189445196221
1511,93.41979966611026
1512,112.16189445196221
1513,114.72999999999999
1514,107.57714285714283
1518,112.16189445196221
1519,93.41979966611026
1522,112.16189445196221
1524,77.45058252427184
1527,93.41979966611026
1529,93.41979966611026
1532,107.57714285714283
1536,112.16189445196221
1537,117.2417777777778
1539,107.57714285714283
1542,112.16189445196221
1543,93.41979966611026
1544,107.57714285714283
1545,77.45058252427184
1550,93.41979966611026
1551,112.16189445196221
1554,118.23
1556,107.57714285714283
1559,93.41979966611026
1560,77.45058252427184
1562,95.0136086956522
1566,93.41979966611026
1567,112.16189445196221
1569,107.57714285714283
1570,112.16189445196221
1571,112.16189445196221
1574,93.41979966611026
1578,107.57714285714283
1580,93.41979966611026
1583,112.16189445196221
1584,93.41979966611026
1585,112.16189445196221
1586,108.24
1587,112.16189445196221
1588,93.41979966611026
1590,114.72999999999999
1592,107.57714285714283
1596,111.86898550724639
1598,112.16189445196221
1599,93.41979966611026
1604,111.86898550724639
1606,107.57714285714283
1607,93.41979966611026
1608,107.57714285714283
1609,117.2417777777778
1611,93.41979966611026
1613,93.41979966611026
1616,95.0136086956522
1619,112.16189445196221
1620,93.41979966611026
1621,112.16189445196221
1622,93.41979966611026
1625,112.16189445196221
1627,117.2417777777778
1629,112.16189445196221
1634,95.0136086956522
1636,93.41979966611026
1638,107.57714285714283
1639,93.41979966611026
1641,95.0136086956522
1643,93.41979966611026
1644,107.57714285714283
1645,117.2417777777778
1646,93.41979966611026
1647,118.23
1648,95.0136086956522
1652,93.41979966611026
1653,112.16189445196221
1656,93.41979966611026
1658,93.41979966611026
1659,112.16189445196221
1661,93.41979966611026
1663,93.41979966611026
1664,112.16189445196221
1665,93.41979966611026
1666,107.57714285714283
1667,107.57714285714283
1668,77.45058252427184
1669,107.57714285714283
1670,93.41979966611026
1672,112.16189445196221
1674,112.16189445196221
1677,112.16189445196221
1678,93.41979966611026
1679,112.16189445196221
1680,93.41979966611026
1683,107.57714285714283
1686,107.57714285714283
1687,112.16189445196221
1689,112.16189445196221
1690,93.41979966611026
1691,117.2417777777778
1692,112.16189445196221
1693,93.41979966611026
1695,93.41979966611026
1696,93.41979966611026
1697,112.16189445196221
1700,107.57714285714283
1701,95.0136086956522
1702,112.16189445196221
1703,93.41979966611026
1704,112.16189445196221
1706,95.0136086956522
1707,112.16189445196221
1708,95.0136086956522
1710,95.0136086956522
1711,107.57714285714283
1713,107.57714285714283
1717,107.57714285714283
1719,107.57714285714283
1720,93.41979966611026
1722,93.41979966611026
1725,107.57714285714283
1726,95.0136086956522
1727,107.57714285714283
1729,112.16189445196221
1730,93.41979966611026
1731,112.16189445196221
1733,107.57714285714283
1734,93.41979966611026
1735,112.16189445196221
1738,93.41979966611026
1742,93.41979966611026
1745,112.16189445196221
1747,95.0136086956522
1749,95.0136086956522
1751,95.0136086956522
1752,83.42
1753,129.32
1754,93.41979966611026
1755,93.41979966611026
1756,103.22658256880727
1758,112.16189445196221
1759,93.41979966611026
1760,103.22658256880727
1761,112.16189445196221
1762,93.41979966611026
1763,112.16189445196221
1764,93.41979966611026
1766,95.0136086956522
1768,93.41979966611026
1769,89.355
1771,112.16189445196221
1772,93.41979966611026
1773,103.22658256880727
1774,95.0136086956522
1775,112.16189445196221
1777,112.16189445196221
1779,93.41979966611026
1780,103.22658256880727
1787,93.41979966611026
1788,93.41979966611026
1790,95.0136086956522
1796,112.16189445196221
1801,93.41979966611026
1803,95.0136086956522
1807,112.16189445196221
1809,112.16189445196221
1812,93.41979966611026
1813,112.16189445196221
1814,93.41979966611026
1815,112.16189445196221
1816,93.41979966611026
1818,93.41979966611026
1820,93.41979966611026
1821,111.86898550724639
1822,93.41979966611026
1825,93.41979966611026
1826,103.22658256880727
1828,95.0136086956522
1831,103.22658256880727
1836,111.86898550724639
1837,93.41979966611026
1841,93.41979966611026
1844,103.22658256880727
1848,93.41979966611026
1851,103.22658256880727
1852,93.41979966611026
1853,93.41979966611026
1854,112.16189445196221
1856,93.41979966611026
1859,112.16189445196221
1860,95.0136086956522
1861,89.355
1863,103.22658256880727
1865,93.41979966611026
1866,103.22658256880727
1867,93.41979966611026
1868,93.41979966611026
1872,93.41979966611026
1879,93.41979966611026
1880,103.22658256880727
1882,93.41979966611026
1885,103.22658256880727
1887,103.22658256880727
1888,93.41979966611026
1890,112.16189445196221
1894,93.41979966611026
1895,103.22658256880727
1896,95.0136086956522
1897,112.16189445196221
1900,112.16189445196221
1901,93.41979966611026
1902,112.16189445196221
1905,93.41979966611026
1906,112.16189445196221
1912,103.22658256880727
1915,95.0136086956522
1916,103.22658256880727
1917,95.0136086956522
1918,103.22658256880727
1920,83.42
1923,93.41979966611026
1924,103.22658256880727
1925,95.0136086956522
1930,117.2417777777778
1932,112.16189445196221
1933,93.41979966611026
1934,112.16189445196221
1935,93.41979966611026
1940,89.355
1941,93.41979966611026
1942,112.16189445196221
1943,93.41979966611026
1944,93.41979966611026
1945,111.86898550724639
1948,117.2417777777778
1949,93.41979966611026
1952,93.41979966611026
1954,93.41979966611026
1955,112.16189445196221
1958,93.41979966611026
1959,78.47
1960,112.16189445196221
1963,93.41979966611026
1965,93.41979966611026
1968,103.22658256880727
1969,93.41979966611026
1971,93.41979966611026
1972,112.16189445196221
1973,93.41979966611026
1975,93.41979966611026
1977,93.41979966611026
1978,93.41979966611026
1979,112.16189445196221
1981,93.41979966611026
1982,112.16189445196221
1987,112.16189445196221
1988,93.41979966611026
1993,93.41979966611026
1997,93.41979966611026
1999,95.0136086956522
2001,93.41979966611026
2002,111.86898550724639
2003,93.41979966611026
2004,89.355
2006,112.16189445196221
2007,95.0136086956522
2009,103.22658256880727
2010,93.41979966611026
2013,93.41979966611026
2018,78.47
2022,103.22658256880727
2024,112.16189445196221
2025,93.41979966611026
2026,103.22658256880727
2030,103.22658256880727
2031,93.41979966611026
2032,103.22658256880727
2033,95.0136086956522
2035,93.41979966611026
2036,112.16189445196221
2037,93.41979966611026
2040,93.41979966611026
2043,112.16189445196221
2044,103.22658256880727
2046,103.22658256880727
2054,112.16189445196221
2055,93.41979966611026
2056,103.22658256880727
2059,93.41979966611026
2060,93.41979966611026
2062,93.41979966611026
2063,112.16189445196221
2066,93.41979966611026
2067,112.16189445196221
2072,93.41979966611026
2073,112.16189445196221
2074,93.41979966611026
2075,112.16189445196221
2076,93.41979966611026
2080,93.41979966611026
2082,93.41979966611026
2085,112.16189445196221
2087,112.16189445196221
2091,112.16189445196221
2092,93.41979966611026
2093,103.22658256880727
2098,93.41979966611026
2101,112.16189445196221
2102,93.41979966611026
2103,89.355
2105,103.22658256880727
2106,93.41979966611026
2107,112.16189445196221
2110,93.41979966611026
2114,93.41979966611026
2115,112.16189445196221
2117,78.47
2118,93.41979966611026
2119,103.22658256880727
2120,95.0136086956522
2122,93.41979966611026
2123,112.16189445196221
2126,93.41979966611026
2127,103.22658256880727
2128,93.41979966611026
2129,112.16189445196221
2132,93.41979966611026
2135,103.22658256880727
2138,93.41979966611026
2139,117.2417777777778
2141,111.86898550724639
2142,93.41979966611026
2146,93.41979966611026
2151,112.16189445196221
2157,103.22658256880727
2159,112.16189445196221
2162,93.41979966611026
2164,117.2417777777778
2167,93.41979966611026
2168,112.16189445196221
2171,93.41979966611026
2173,93.41979966611026
2174,103.22658256880727
2175,93.41979966611026
2178,93.41979966611026
2180,93.41979966611026
2185,112.16189445196221
2189,93.41979966611026
2190,112.16189445196221
2192,103.22658256880727
2194,111.86898550724639
2200,111.86898550724639
2201,93.41979966611026
2203,112.16189445196221
2204,93.41979966611026
2205,112.16189445196221
2209,111.86898550724639
2213,103.22658256880727
2214,93.41979966611026
2215,112.16189445196221
2216,93.41979966611026
2218,93.41979966611026
2219,103.22658256880727
2220,95.0136086956522
2222,93.41979966611026
2223,112.16189445196221
2225,112.16189445196221
2226,93.41979966611026
2230,93.41979966611026
2233,112.16189445196221
2234,112.16189445196221
2235,93.41979966611026
2236,83.75800000000001
2237,93.41979966611026
2240,111.86898550724639
2241,93.41979966611026
2248,103.22658256880727
2249,93.41979966611026
2250,112.16189445196221
2252,112.16189445196221
2253,93.41979966611026
2254,112.16189445196221
2256,83.75800000000001
2258,93.41979966611026
2259,112.16189445196221
2262,93.41979966611026
2265,93.41979966611026
2266,103.22658256880727
2269,93.41979966611026
2271,95.0136086956522
2273,93.41979966611026
2274,112.16189445196221
2275,93.41979966611026
2277,93.41979966611026
2279,93.41979966611026
2280,83.75800000000001
2282,93.41979966611026
2283,103.22658256880727
2288,93.41979966611026
2289,111.86898550724639
2291,95.0136086956522
2292,117.2417777777778
2297,95.0136086956522
2298,103.22658256880727
2299,93.41979966611026
2300,112.16189445196221
2301,93.41979966611026
2304,93.41979966611026
2305,103.22658256880727
2306,93.41979966611026
2308,93.41979966611026
2309,112.16189445196221
2311,93.41979966611026
2312,103.22658256880727
2316,103.22658256880727
2321,103.22658256880727
2322,112.16189445196221
2325,103.22658256880727
2326,93.41979966611026
2329,117.2417777777778
2330,93.41979966611026
2331,103.22658256880727
2332,112.16189445196221
2333,93.41979966611026
2334,103.22658256880727
2335,112.16189445196221
2337,112.16189445196221
2338,93.41979966611026
2340,112.16189445196221
2342,93.41979966611026
2345,93.41979966611026
2349,93.41979966611026
2351,83.75800000000001
2352,95.0136086956522
2354,112.16189445196221
2355,112.16189445196221
2357,112.16189445196221
2358,93.41979966611026
2360,93.41979966611026
2361,112.16189445196221
2364,93.41979966611026
2366,95.0136086956522
2369,103.22658256880727
2370,93.41979966611026
2371,112.16189445196221
2373,111.86898550724639
2374,93.41979966611026
2376,112.16189445196221
2378,111.86898550724639
2382,95.0136086956522
2383,93.41979966611026
2386,103.22658256880727
2387,95.0136086956522
2389,93.41979966611026
2390,128.78
2392,93.41979966611026
2398,112.16189445196221
2399,95.0136086956522
2400,93.41979966611026
2401,112.16189445196221
2402,93.41979966611026
2404,93.41979966611026
2407,111.86898550724639
2408,112.16189445196221
2409,112.16189445196221
2412,74.54
2413,95.0136086956522
2415,93.41979966611026
2420,111.86898550724639
2422,93.41979966611026
2423,103.22658256880727
2426,95.0136086956522
2432,93.41979966611026
2434,93.41979966611026
2435,93.41979966611026
2436,112.16189445196221
2438,111.86898550724639
2440,112.16189445196221
2443,93.41979966611026
2444,93.41979966611026
2447,103.22658256880727
2450,93.41979966611026
2454,93.41979966611026
2455,112.16189445196221
2459,93.41979966611026
2460,112.16189445196221
2463,93.41979966611026
2465,93.41979966611026
2468,74.54
2469,93.41979966611026
2474,93.41979966611026
2478,93.41979966611026
2480,93.41979966611026
2481,111.86898550724639
2489,93.41979966611026
2490,103.22658256880727
2492,93.41979966611026
2496,93.41979966611026
2497,112.16189445196221
2500,95.0136086956522
2505,93.41979966611026
2507,93.41979966611026
2508,112.16189445196221
2509,95.0136086956522
2510,83.75800000000001
2513,93.41979966611026
2515,93.41979966611026
2518,93.41979966611026
2519,111.86898550724639
2520,93.41979966611026
2521,112.16189445196221
2523,112.16189445196221
2525,93.41979966611026
2529,112.16189445196221
2530,93.41979966611026
2533,111.86898550724639
2535,93.41979966611026
2538,103.22658256880727
2544,111.86898550724639
2553,112.16189445196221
2556,93.41979966611026
2558,93.41979966611026
2559,111.86898550724639
2560,93.41979966611026
2561,112.16189445196221
2562,93.41979966611026
2563,112.16189445196221
2564,93.41979966611026
2565,112.16189445196221
2567,103.22658256880727
2572,93.41979966611026
2575,95.0136086956522
2576,112.16189445196221
2577,93.41979966611026
2578,93.41979966611026
2579,112.16189445196221
2580,93.41979966611026
2582,112.16189445196221
2583,93.41979966611026
2587,93.41979966611026
2589,112.16189445196221
2590,93.41979966611026
2591,112.16189445196221
2594,93.41979966611026
2597,93.41979966611026
2598,103.22658256880727
2599,93.41979966611026
2600,103.22658256880727
2602,111.86898550724639
2603,93.41979966611026
2604,103.22658256880727
2606,112.16189445196221
2607,77.45058252427184
2608,93.41979966611026
2613,112.16189445196221
2614,93.41979966611026
2615,112.16189445196221
2617,112.16189445196221
2620,93.41979966611026
2623,112.16189445196221
2624,93.41979966611026
2627,112.16189445196221
2629,77.45058252427184
2630,93.41979966611026
2632,95.0136086956522
2636,93.41979966611026
2639,93.41979966611026
2640,103.22658256880727
2642,112.16189445196221
2644,103.22658256880727
2646,112.16189445196221
2647,93.41979966611026
2649,93.41979966611026
2650,103.22658256880727
2652,103.22658256880727
2653,103.22658256880727
2655,103.22658256880727
2657,112.16189445196221
2659,112.16189445196221
2662,93.41979966611026
2663,111.86898550724639
2664,93.41979966611026
2665,103.22658256880727
2670,93.41979966611026
2671,103.22658256880727
2672,93.41979966611026
2675,103.22658256880727
2677,112.16189445196221
2679,112.16189445196221
2683,112.16189445196221
2684,93.41979966611026
2685,93.41979966611026
2688,103.22658256880727
2689,95.0136086956522
2690,103.22658256880727
2693,93.41979966611026
2694,112.16189445196221
2697,93.41979966611026
2699,95.0136086956522
2703,93.41979966611026
2705,103.22658256880727
2709,77.45058252427184
2710,93.41979966611026
2711,112.16189445196221
2712,93.41979966611026
2713,93.41979966611026
2714,112.16189445196221
2715,93.41979966611026
2717,93.41979966611026
2718,111.86898550724639
2720,112.16189445196221
2721,93.41979966611026
2726,95.0136086956522
2728,93.41979966611026
2731,103.22658256880727
2732,112.16189445196221
2734,93.41979966611026
2736,103.22658256880727
2737,93.41979966611026
2738,103.22658256880727
2739,112.16189445196221
2746,93.41979966611026
2749,103.22658256880727
2751,117.2417777777778
2752,103.22658256880727
2753,93.41979966611026
2757,103.22658256880727
2758,95.0136086956522
2759,112.16189445196221
2760,93.41979966611026
2762,112.16189445196221
2764,95.0136086956522
2765,111.86898550724639
2769,112.16189445196221
2771,112.16189445196221
2774,93.41979966611026
2776,93.41979966611026
2777,111.86898550724639
2778,93.41979966611026
2779,112.16189445196221
2782,93.41979966611026
2784,93.41979966611026
2787,93.41979966611026
2789,93.41979966611026
2792,93.41979966611026
2798,93.41979966611026
2799,103.22658256880727
2800,93.41979966611026
2801,77.45058252427184
2802,93.41979966611026
2804,93.41979966611026
2807,103.22658256880727
2808,93.41979966611026
2809,111.86898550724639
2811,114.72999999999999
2812,93.41979966611026
2814,93.41979966611026
2816,93.41979966611026
2817,112.16189445196221
2818,112.16189445196221
2820,112.16189445196221
2821,77.45058252427184
2822,95.0136086956522
2823,103.22658256880727
2824,93.41979966611026
2826,93.41979966611026
2829,93.41979966611026
2834,93.41979966611026
2835,77.45058252427184
2838,93.41979966611026
2839,112.16189445196221
2840,93.41979966611026
2841,112.16189445196221
2842,93.41979966611026
2846,112.16189445196221
2848,95.0136086956522
2849,93.41979966611026
2850,112.16189445196221
2851,93.41979966611026
2853,93.41979966611026
2854,112.16189445196221
2858,112.16189445196221
2861,95.0136086956522
2864,93.41979966611026
2865,111.86898550724639
2866,112.16189445196221
2867,93.41979966611026
2868,112.16189445196221
2870,112.16189445196221
2877,93.41979966611026
2878,112.16189445196221
2880,112.16189445196221
2882,77.45058252427184
2883,95.0136086956522
2884,103.22658256880727
2885,93.41979966611026
2887,93.41979966611026
2888,112.16189445196221
2889,93.41979966611026
2890,103.22658256880727
2891,93.41979966611026
2892,117.2417777777778
2893,93.41979966611026
2898,112.16189445196221
2899,93.41979966611026
2900,112.16189445196221
2901,93.41979966611026
2909,95.0136086956522
2910,112.16189445196221
2911,112.16189445196221
2913,112.16189445196221
2914,95.0136086956522
2918,93.41979966611026
2919,112.16189445196221
2920,93.41979966611026
2921,112.16189445196221
2922,93.41979966611026
2923,103.22658256880727
2925,111.86898550724639
2926,93.41979966611026
2927,112.16189445196221
2929,112.16189445196221
2933,93.41979966611026
2934,112.16189445196221
2936,111.86898550724639
2941,103.22658256880727
2942,93.41979966611026
2943,112.16189445196221
2945,103.22658256880727
2950,93.41979966611026
2951,112.16189445196221
2953,111.86898550724639
2954,93.41979966611026
2955,103.22658256880727
2956,95.0136086956522
2960,95.0136086956522
2962,93.41979966611026
2963,103.22658256880727
2964,103.22658256880727
2966,77.45058252427184
2967,93.41979966611026
2968,112.16189445196221
2969,93.41979966611026
2971,93.41979966611026
2972,95.0136086956522
2974,108.24
2975,112.16189445196221
2977,117.2417777777778
2980,112.16189445196221
2981,93.41979966611026
2983,93.41979966611026
2984,103.22658256880727
2985,117.2417777777778
2986,103.22658256880727
2987,95.0136086956522
2989,93.41979966611026
2990,112.16189445196221
2991,93.41979966611026
2992,77.45058252427184
2995,93.41979966611026
2996,103.22658256880727
3002,112.16189445196221
3004,112.16189445196221
3005,117.2417777777778
3006,95.0136086956522
3010,95.0136086956522
3011,102.152
3014,93.41979966611026
3015,93.41979966611026
3016,93.41979966611026
3017,111.86898550724639
3018,93.41979966611026
3021,103.22658256880727
3024,103.22658256880727
3028,93.41979966611026
3030,93.41979966611026
3032,93.41979966611026
3039,95.0136086956522
3040,103.72
3041,93.41979966611026
3043,93.41979966611026
3044,112.16189445196221
3046,112.16189445196221
3055,93.41979966611026
3056,112.16189445196221
3058,93.41979966611026
3059,111.86898550724639
3061,117.2417777777778
3063,103.22658256880727
3066,93.41979966611026
3067,103.22658256880727
3068,77.45058252427184
3069,93.41979966611026
3072,114.72999999999999
3073,112.16189445196221
3074,95.0136086956522
3077,93.41979966611026
3082,93.41979966611026
3084,93.41979966611026
3085,112.16189445196221
3088,103.22658256880727
3091,93.41979966611026
3092,112.16189445196221
3093,95.0136086956522
3094,103.22658256880727
3096,112.16189445196221
3097,93.41979966611026
3098,77.45058252427184
3102,114.72999999999999
3106,93.41979966611026
3109,93.41979966611026
3111,93.41979966611026
3112,117.2417777777778
3113,93.41979966611026
3115,93.41979966611026
3116,112.16189445196221
3117,93.41979966611026
3121,112.16189445196221
3122,93.41979966611026
3123,95.0136086956522
3124,103.22658256880727
3125,93.41979966611026
3126,103.22658256880727
3127,117.2417777777778
3129,93.41979966611026
3130,112.16189445196221
3132,103.22658256880727
3134,103.22658256880727
3135,95.0136086956522
3137,77.45058252427184
3138,93.41979966611026
3140,93.41979966611026
3144,112.16189445196221
3145,95.0136086956522
3146,112.16189445196221
3147,93.41979966611026
3148,103.22658256880727
3149,103.22658256880727
3150,112.16189445196221
3151,93.41979966611026
3152,93.41979966611026
3155,93.41979966611026
3156,112.16189445196221
3159,93.41979966611026
3161,95.0136086956522
3162,101.6
3163,95.0136086956522
3165,103.22658256880727
3172,93.41979966611026
3173,112.16189445196221
3176,93.41979966611026
3177,103.22658256880727
3179,112.16189445196221
3183,93.41979966611026
3186,95.0136086956522
3187,103.22658256880727
3189,112.16189445196221
3190,93.41979966611026
3192,117.2417777777778
3193,93.41979966611026
3194,112.16189445196221
3197,93.41979966611026
3198,93.41979966611026
3200,93.41979966611026
3201,117.2417777777778
3202,93.41979966611026
3204,93.41979966611026
3205,93.41979966611026
3206,112.16189445196221
3208,103.22658256880727
3210,103.22658256880727
3211,93.41979966611026
3212,117.2417777777778
3213,93.41979966611026
3214,112.16189445196221
3216,103.22658256880727
3219,93.41979966611026
3220,111.86898550724639
3221,93.41979966611026
3226,103.22658256880727
3227,95.0136086956522
3228,112.16189445196221
3229,93.41979966611026
3232,77.45058252427184
3233,95.0136086956522
3234,93.41979966611026
3236,93.41979966611026
3238,112.16189445196221
3239,112.16189445196221
3240,93.41979966611026
3247,112.16189445196221
3249,103.22658256880727
3252,112.16189445196221
3253,93.41979966611026
3254,103.22658256880727
3255,93.41979966611026
3256,112.16189445196221
3257,93.41979966611026
3262,93.41979966611026
3263,103.22658256880727
3264,95.0136086956522
3266,112.16189445196221
3267,93.41979966611026
3269,93.41979966611026
3272,117.2417777777778
3274,93.41979966611026
3275,103.22658256880727
3277,93.41979966611026
3279,95.0136086956522
3280,103.22658256880727
3283,93.41979966611026
3285,93.41979966611026
3287,93.41979966611026
3288,103.22658256880727
3290,103.22658256880727
3291,93.41979966611026
3298,112.16189445196221
3299,93.41979966611026
3302,111.86898550724639
3303,95.0136086956522
3304,103.22658256880727
3307,93.41979966611026
3309,93.41979966611026
3314,77.45058252427184
3316,112.16189445196221
3317,95.0136086956522
3319,93.41979966611026
3320,112.16189445196221
3321,95.0136086956522
3322,103.22658256880727
3324,93.41979966611026
3326,93.41979966611026
3329,112.16189445196221
3330,93.41979966611026
3331,112.16189445196221
3335,117.2417777777778
3337,93.41979966611026
3338,103.22658256880727
3339,93.41979966611026
3340,112.16189445196221
3341,93.41979966611026
3343,93.41979966611026
3346,93.41979966611026
3348,95.0136086956522
3351,103.22658256880727
3352,117.2417777777778
3355,93.41979966611026
3356,112.16189445196221
3358,103.22658256880727
3359,93.41979966611026
3360,112.16189445196221
3371,112.16189445196221
3372,93.41979966611026
3374,95.0136086956522
3377,112.16189445196221
3378,93.41979966611026
3380,103.22658256880727
3382,95.0136086956522
3386,93.41979966611026
3389,112.16189445196221
3391,103.22658256880727
3393,93.41979966611026
3394,103.22658256880727
3395,95.0136086956522
3397,112.16189445196221
3398,95.0136086956522
3399,77.45058252427184
3400,95.0136086956522
3404,103.22658256880727
3407,112.16189445196221
3409,103.22658256880727
3419,93.41979966611026
3421,93.41979966611026
3425,93.41979966611026
3427,77.45058252427184
3428,117.2417777777778
3429,112.16189445196221
3431,93.41979966611026
3435,93.41979966611026
3436,112.16189445196221
3439,93.41979966611026
3441,93.41979966611026
3442,117.2417777777778
3443,93.41979966611026
3444,103.22658256880727
3445,93.41979966611026
3446,111.86898550724639
3449,93.41979966611026
3453,93.41979966611026
3457,93.41979966611026
3460,103.22658256880727
3461,93.41979966611026
3462,93.41979966611026
3464,103.22658256880727
3465,77.45058252427184
3466,95.0136086956522
3467,103.22658256880727
3468,93.41979966611026
3469,103.22658256880727
3470,103.22658256880727
3472,112.16189445196221
3473,93.41979966611026
3475,93.41979966611026
3476,112.16189445196221
3478,103.22658256880727
3479,93.41979966611026
3483,93.41979966611026
3484,103.22658256880727
3485,95.0136086956522
3487,93.41979966611026
3488,112.16189445196221
3496,112.16189445196221
3497,93.41979966611026
3499,95.0136086956522
3500,77.45058252427184
3501,95.0136086956522
3504,95.0136086956522
3508,103.22658256880727
3511,93.41979966611026
3512,112.16189445196221
3515,93.41979966611026
3517,93.41979966611026
3518,103.22658256880727
3526,112.16189445196221
3528,128.78
3529,93.41979966611026
3530,112.16189445196221
3531,93.41979966611026
3532,111.86898550724639
3533,93.41979966611026
3534,93.41979966611026
3535,77.45058252427184
3536,93.41979966611026
3537,112.16189445196221
3538,93.41979966611026
3539,112.16189445196221
3540,103.22658256880727
3545,112.16189445196221
3546,93.41979966611026
3550,103.22658256880727
3551,93.41979966611026
3553,93.41979966611026
3554,103.22658256880727
3557,93.41979966611026
3558,112.16189445196221
3559,93.41979966611026
3561,93.41979966611026
3562,112.16189445196221
3563,95.0136086956522
3564,103.22658256880727
3565,93.41979966611026
3567,93.41979966611026
3571,103.22658256880727
3572,93.41979966611026
3574,95.0136086956522
3576,93.41979966611026
3577,112.16189445196221
3578,95.0136086956522
3579,93.41979966611026
3583,93.41979966611026
3585,95.0136086956522
3586,103.22658256880727
3587,112.16189445196221
3593,93.41979966611026
3594,134.43
3595,95.0136086956522
3599,93.41979966611026
3600,103.22658256880727
3601,112.16189445196221
3602,93.41979966611026
3604,93.41979966611026
3609,117.2417777777778
3610,112.16189445196221
3612,112.16189445196221
3614,112.16189445196221
3615,93.41979966611026
3617,95.0136086956522
3618,112.16189445196221
3619,112.16189445196221
3620,112.16189445196221
3621,93.41979966611026
3625,93.41979966611026
3626,103.22658256880727
3630,103.22658256880727
3631,93.41979966611026
3632,103.22658256880727
3633,95.0136086956522
3634,112.16189445196221
3637,93.41979966611026
3639,93.41979966611026
3640,112.16189445196221
3641,93.41979966611026
3644,112.16189445196221
3645,93.41979966611026
3646,93.41979966611026
3647,93.41979966611026
3648,112.16189445196221
3653,112.16189445196221
3654,93.41979966611026
3655,112.16189445196221
3659,103.22658256880727
3660,93.41979966611026
3662,112.16189445196221
3666,93.41979966611026
3668,93.41979966611026
3671,93.41979966611026
3673,93.41979966611026
3674,112.16189445196221
3675,93.41979966611026
3681,93.41979966611026
3682,112.16189445196221
3686,112.16189445196221
3687,93.41979966611026
3692,77.45058252427184
3695,112.16189445196221
3696,93.41979966611026
3699,112.16189445196221
3705,112.16189445196221
3707,77.45058252427184
3708,95.0136086956522
3709,112.16189445196221
3710,93.41979966611026
3712,93.41979966611026
3715,112.16189445196221
3716,93.41979966611026
3720,112.16189445196221
3722,77.45058252427184
3726,95.0136086956522
3728,93.41979966611026
3729,112.16189445196221
3731,103.22658256880727
3735,112.16189445196221
3736,93.41979966611026
3739,102.152
3741,112.16189445196221
3743,103.22658256880727
3744,95.0136086956522
3745,112.16189445196221
3746,93.41979966611026
3751,93.41979966611026
3753,93.41979966611026
3760,112.16189445196221
3761,93.41979966611026
3762,112.16189445196221
3763,93.41979966611026
3765,93.41979966611026
3768,112.16189445196221
3769,93.41979966611026
3770,103.22658256880727
3773,112.16189445196221
3774,95.0136086956522
3776,93.41979966611026
3778,93.41979966611026
3779,112.16189445196221
3780,93.41979966611026
3781,112.16189445196221
3782,93.41979966611026
3783,112.16189445196221
3784,93.41979966611026
3786,95.0136086956522
3789,112.16189445196221
3790,93.41979966611026
3793,112.16189445196221
3795,112.16189445196221
3797,93.41979966611026
3798,117.2417777777778
3800,112.16189445196221
3804,95.0136086956522
3810,95.0136086956522
3815,112.16189445196221
3816,95.0136086956522
3818,103.22658256880727
3824,112.16189445196221
3828,103.22658256880727
3830,112.16189445196221
3831,95.0136086956522
3832,77.45058252427184
3834,112.16189445196221
3835,93.41979966611026
3836,112.16189445196221
3838,93.41979966611026
3839,117.2417777777778
3840,112.16189445196221
3845,93.41979966611026
3846,112.16189445196221
3847,93.41979966611026
3849,77.45058252427184
3853,112.16189445196221
3855,103.22658256880727
3856,93.41979966611026
3864,77.45058252427184
3865,95.0136086956522
3866,112.16189445196221
3867,93.41979966611026
3868,112.16189445196221
3869,93.41979966611026
3871,93.41979966611026
3875,103.22658256880727
3876,93.41979966611026
3878,93.41979966611026
3879,112.16189445196221
3881,112.16189445196221
3883,112.16189445196221
3884,93.41979966611026
3886,112.16189445196221
3890,95.0136086956522
3893,112.16189445196221
3897,103.22658256880727
3901,93.41979966611026
3902,112.16189445196221
3913,112.16189445196221
3914,93.41979966611026
3916,93.41979966611026
3917,112.16189445196221
3924,103.22658256880727
3925,93.41979966611026
3928,95.0136086956522
3929,112.16189445196221
3932,93.41979966611026
3933,103.22658256880727
3934,77.45058252427184
3935,93.41979966611026
3936,93.41979966611026
3937,112.16189445196221
3938,93.41979966611026
3939,112.16189445196221
3943,93.41979966611026
3944,112.16189445196221
3945,112.16189445196221
3946,93.41979966611026
3947,112.16189445196221
3948,93.41979966611026
3949,112.16189445196221
3950,93.41979966611026
3951,112.16189445196221
3952,93.41979966611026
3953,112.16189445196221
3961,111.86898550724639
3962,93.41979966611026
3966,93.41979966611026
3967,103.22658256880727
3968,95.0136086956522
3969,112.16189445196221
3970,95.0136086956522
3971,103.22658256880727
3973,93.41979966611026
3974,112.16189445196221
3975,112.16189445196221
3977,93.41979966611026
3979,112.16189445196221
3985,93.41979966611026
3986,103.22658256880727
3988,112.16189445196221
3991,93.41979966611026
3992,103.22658256880727
3993,93.41979966611026
3994,93.41979966611026
3995,112.16189445196221
4005,112.16189445196221
4007,93.41979966611026
4008,103.22658256880727
4009,95.0136086956522
4010,112.16189445196221
4011,77.45058252427184
4012,93.41979966611026
4013,103.22658256880727
4015,112.16189445196221
4016,112.16189445196221
4018,112.16189445196221
4025,93.41979966611026
4026,112.16189445196221
4028,112.16189445196221
4029,95.0136086956522
4031,93.41979966611026
4032,112.16189445196221
4033,93.41979966611026
4034,103.22658256880727
4037,93.41979966611026
4038,103.22658256880727
4039,93.41979966611026
4041,93.41979966611026
4042,112.16189445196221
4043,93.41979966611026
4044,103.22658256880727
4045,93.41979966611026
4046,112.16189445196221
4047,95.0136086956522
4048,103.22658256880727
4049,93.41979966611026
4051,93.41979966611026
4052,112.16189445196221
4058,103.22658256880727
4062,112.16189445196221
4064,112.16189445196221
4067,93.41979966611026
4068,77.45058252427184
4070,93.41979966611026
4072,117.2417777777778
4074,112.16189445196221
4075,93.41979966611026
4076,112.16189445196221
4077,93.41979966611026
4078,112.16189445196221
4080,103.22658256880727
4082,112.16189445196221
4085,93.41979966611026
4086,112.16189445196221
4088,112.16189445196221
4089,93.41979966611026
4092,77.45058252427184
4094,93.41979966611026
4095,112.16189445196221
4096,93.41979966611026
4097,103.22658256880727
4102,93.41979966611026
4105,111.86898550724639
4107,112.16189445196221
4111,93.41979966611026
4112,103.22658256880727
4113,95.0136086956522
4114,111.86898550724639
4115,93.41979966611026
4116,112.16189445196221
4117,93.41979966611026
4118,93.41979966611026
4119,112.16189445196221
4120,93.41979966611026
4122,77.45058252427184
4125,93.41979966611026
4126,112.16189445196221
4129,112.16189445196221
4134,118.73
4137,93.41979966611026
4141,103.22658256880727
4142,95.0136086956522
4144,93.41979966611026
4145,103.22658256880727
4146,93.41979966611026
4150,93.41979966611026
4151,77.45058252427184
4154,93.41979966611026
4156,93.41979966611026
4157,112.16189445196221
4159,112.16189445196221
4160,93.41979966611026
4161,112.16189445196221
4168,95.0136086956522
4171,103.22658256880727
4172,103.22658256880727
4173,95.0136086956522
4175,93.41979966611026
4176,103.22658256880727
4177,93.41979966611026
4178,103.22658256880727
4179,93.41979966611026
4181,112.16189445196221
4183,95.0136086956522
4184,112.16189445196221
4185,93.41979966611026
4186,112.16189445196221
4188,112.16189445196221
4190,112.16189445196221
4192,93.41979966611026
4193,112.16189445196221
4194,112.16189445196221
4195,93.41979966611026
4196,77.45058252427184
4202,95.0136086956522
4203,103.22658256880727
4208,95.0136086956522
4209,112.16189445196221
4210,93.41979966611026
4211,112.16189445196221
4212,117.2417777777778
4214,103.22658256880727
4215,93.41979966611026
4216,112.16189445196221
4217,93.41979966611026
4219,95.0136086956522
4222,112.16189445196221
4224,77.45058252427184
4231,103.22658256880727
4232,95.0136086956522
4234,93.41979966611026
4236,93.41979966611026
4237,103.22658256880727
4240,93.41979966611026
4242,103.22658256880727
4243,95.0136086956522
4247,93.41979966611026
4248,112.16189445196221
4249,93.41979966611026
4254,103.22658256880727
4263,93.41979966611026
4265,112.16189445196221
4267,111.86898550724639
4268,112.16189445196221
4271,112.16189445196221
4272,93.41979966611026
4273,112.16189445196221
4274,93.41979966611026
4276,93.41979966611026
4278,93.41979966611026
4280,95.0136086956522
4281,112.16189445196221
4283,93.41979966611026
4284,112.16189445196221
4285,95.0136086956522
4286,112.16189445196221
4287,93.41979966611026
4288,112.16189445196221
4289,93.41979966611026
4290,77.45058252427184
4293,93.41979966611026
4296,111.86898550724639
4297,93.41979966611026
4299,93.41979966611026
4303,112.16189445196221
4310,95.0136086956522
4312,103.22658256880727
4318,103.22658256880727
4320,112.16189445196221
4322,93.41979966611026
4323,112.16189445196221
4325,103.22658256880727
4326,112.16189445196221
4328,103.22658256880727
4330,103.22658256880727
4332,112.16189445196221
4333,93.41979966611026
4335,93.41979966611026
4336,111.86898550724639
4338,103.22658256880727
4341,93.41979966611026
4342,103.22658256880727
4344,103.22658256880727
4347,93.41979966611026
4348,103.22658256880727
4351,103.22658256880727
4352,93.41979966611026
4353,112.16189445196221
4355,103.22658256880727
4356,93.41979966611026
4359,103.22658256880727
4360,93.41979966611026
4361,93.41979966611026
4364,93.41979966611026
4365,103.22658256880727
4368,95.0136086956522
4372,95.0136086956522
4374,93.41979966611026
4376,95.0136086956522
4377,103.22658256880727
4380,95.0136086956522
4383,103.22658256880727
4384,93.41979966611026
4385,103.22658256880727
4389,93.41979966611026
4391,93.41979966611026
4392,112.16189445196221
4393,93.41979966611026
4395,93.41979966611026
4396,112.16189445196221
4398,146.83
4399,104.292
4401,93.41979966611026
4406,93.41979966611026
4408,103.22658256880727
4412,103.22658256880727
4415,93.41979966611026
4418,112.16189445196221
4419,93.41979966611026
4420,77.45058252427184
4422,112.16189445196221
4423,93.41979966611026
4425,93.41979966611026
4428,112.16189445196221
4431,112.16189445196221
4434,93.41979966611026
4436,93.41979966611026
4437,112.16189445196221
4439,117.2417777777778
4440,93.41979966611026
4441,112.16189445196221
4444,95.0136086956522
4445,103.22658256880727
4446,93.41979966611026
4447,112.16189445196221
4452,103.22658256880727
4456,112.16189445196221
4457,93.41979966611026
4458,112.16189445196221
4460,93.41979966611026
4461,117.2417777777778
4462,93.41979966611026
4465,103.22658256880727
4466,103.22658256880727
4468,95.0136086956522
4469,103.22658256880727
4472,112.16189445196221
4475,93.41979966611026
4478,93.41979966611026
4479,112.16189445196221
4480,93.41979966611026
4483,77.45058252427184
4484,93.41979966611026
4485,103.22658256880727
4486,95.0136086956522
4488,93.41979966611026
4489,103.22658256880727
4490,95.0136086956522
4491,111.86898550724639
4492,93.41979966611026
4493,103.22658256880727
4494,93.41979966611026
4495,103.22658256880727
4498,77.45058252427184
4499,95.0136086956522
4500,103.22658256880727
4503,112.16189445196221
4505,103.22658256880727
4506,93.41979966611026
4507,93.41979966611026
4508,103.22658256880727
4510,112.16189445196221
4511,93.41979966611026
4513,95.0136086956522
4516,77.45058252427184
4519,93.41979966611026
4521,93.41979966611026
4531,93.41979966611026
4532,77.45058252427184
4533,93.41979966611026
4534,112.16189445196221
4536,103.22658256880727
4537,93.41979966611026
4539,93.41979966611026
4542,103.22658256880727
4545,93.41979966611026
4549,93.41979966611026
4551,93.41979966611026
4554,102.152
4556,112.16189445196221
4559,112.16189445196221
4561,112.16189445196221
4562,112.16189445196221
4566,112.16189445196221
4569,93.41979966611026
4570,112.16189445196221
4573,93.41979966611026
4574,103.22658256880727
4575,93.41979966611026
4577,93.41979966611026
4578,112.16189445196221
4580,112.16189445196221
4582,93.41979966611026
4583,112.16189445196221
4585,95.0136086956522
4587,103.22658256880727
4595,93.41979966611026
4596,112.16189445196221
4601,93.41979966611026
4602,112.16189445196221
4603,95.0136086956522
4605,112.16189445196221
4606,93.41979966611026
4607,112.16189445196221
4608,93.41979966611026
4610,95.0136086956522
4613,103.22658256880727
4617,93.41979966611026
4618,112.16189445196221
4619,93.41979966611026
4620,95.0136086956522
4622,104.292
4625,93.41979966611026
4626,103.22658256880727
4627,95.0136086956522
4629,93.41979966611026
4631,93.41979966611026
4633,103.22658256880727
4634,112.16189445196221
4635,93.41979966611026
4639,93.41979966611026
4640,102.152
4642,103.22658256880727
4644,112.16189445196221
4646,103.22658256880727
4647,95.0136086956522
4648,77.45058252427184
4649,93.41979966611026
4650,112.16189445196221
4655,93.41979966611026
4660,93.41979966611026
4661,112.16189445196221
4662,93.41979966611026
4663,112.16189445196221
4665,93.41979966611026
4666,112.16189445196221
4667,103.22658256880727
4668,95.0136086956522
4670,93.41979966611026
4671,111.86898550724639
4672,93.41979966611026
4673,103.22658256880727
4675,103.22658256880727
4676,95.0136086956522
4677,111.86898550724639
4680,95.0136086956522
4682,93.41979966611026
4683,112.16189445196221
4685,103.22658256880727
4686,93.41979966611026
4688,112.16189445196221
4690,112.16189445196221
4692,112.16189445196221
4693,93.41979966611026
4697,93.41979966611026
4700,112.16189445196221
4702,112.16189445196221
4707,121.54166666666667
4708,93.41979966611026
4710,77.45058252427184
4716,104.292
4717,100.43958333333335
4718,93.41979966611026
4720,100.43958333333335
4721,77.45058252427184
4723,93.41979966611026
4726,112.16189445196221
4727,93.41979966611026
4729,93.41979966611026
4731,93.41979966611026
4732,112.16189445196221
4735,93.41979966611026
4736,103.22658256880727
4737,100.43958333333335
4738,112.16189445196221
4739,112.16189445196221
4744,103.22658256880727
4747,93.41979966611026
4749,112.16189445196221
4750,93.41979966611026
4752,112.16189445196221
4755,100.43958333333335
4756,103.22658256880727
4757,112.16189445196221
4758,100.43958333333335
4759,103.22658256880727
4763,100.43958333333335
4764,103.22658256880727
4765,93.41979966611026
4766,93.41979966611026
4767,112.16189445196221
4769,112.16189445196221
4770,93.41979966611026
4771,77.45058252427184
4772,103.22658256880727
4774,112.16189445196221
4776,112.16189445196221
4777,112.16189445196221
4778,93.41979966611026
4780,93.41979966611026
4784,93.41979966611026
4786,100.43958333333335
4787,77.45058252427184
4788,93.41979966611026
4789,112.16189445196221
4791,103.22658256880727
4792,93.41979966611026
4795,112.16189445196221
4796,93.41979966611026
4803,93.41979966611026
4805,100.43958333333335
4807,93.41979966611026
4809,93.41979966611026
4816,93.41979966611026
4817,77.45058252427184
4818,93.41979966611026
4820,93.41979966611026
4821,103.22658256880727
4823,112.16189445196221
4824,93.41979966611026
4825,112.16189445196221
4829,103.22658256880727
4830,100.43958333333335
4831,112.16189445196221
4833,103.22658256880727
4836,93.41979966611026
4837,112.16189445196221
4838,93.41979966611026
4840,93.41979966611026
4841,77.45058252427184
4842,93.41979966611026
4843,112.16189445196221
4844,93.41979966611026
4849,103.22658256880727
4851,103.22658256880727
4852,93.41979966611026
4858,93.41979966611026
4860,100.43958333333335
4863,112.16189445196221
4864,93.41979966611026
4865,112.16189445196221
4867,112.16189445196221
4868,93.41979966611026
4869,112.16189445196221
4873,93.41979966611026
4875,100.43958333333335
4876,112.16189445196221
4877,93.41979966611026
4878,112.16189445196221
4880,77.45058252427184
4886,112.16189445196221
4888,103.22658256880727
4889,100.43958333333335
4890,112.16189445196221
4893,93.41979966611026
4895,93.41979966611026
4896,103.22658256880727
4899,93.41979966611026
4901,93.41979966611026
4902,112.16189445196221
4903,93.41979966611026
4904,112.16189445196221
4910,93.41979966611026
4912,93.41979966611026
4915,100.43958333333335
4916,103.22658256880727
4917,93.41979966611026
4920,103.22658256880727
4927,103.22658256880727
4928,93.41979966611026
4931,103.22658256880727
4934,93.41979966611026
4936,93.41979966611026
4939,112.16189445196221
4942,112.16189445196221
4943,100.43958333333335
4944,103.22658256880727
4945,93.41979966611026
4947,112.16189445196221
4948,93.41979966611026
4951,93.41979966611026
4952,112.16189445196221
4953,93.41979966611026
4956,93.41979966611026
4957,112.16189445196221
4958,93.41979966611026
4960,93.41979966611026
4968,93.41979966611026
4969,103.22658256880727
4971,103.22658256880727
4973,112.16189445196221
4975,112.16189445196221
4976,93.41979966611026
4978,93.41979966611026
4979,112.16189445196221
4982,93.41979966611026
4983,112.16189445196221
4984,93.41979966611026
4985,121.54166666666667
4986,93.41979966611026
4987,111.86898550724639
4988,100.43958333333335
4994,93.41979966611026
4995,100.43958333333335
5002,77.45058252427184
5004,93.41979966611026
5005,103.22658256880727
5006,93.41979966611026
5007,103.22658256880727
5009,112.16189445196221
5011,112.16189445196221
5014,93.41979966611026
5015,103.22658256880727
5018,93.41979966611026
5019,112.16189445196221
5020,93.41979966611026
5021,112.16189445196221
5022,93.41979966611026
5023,93.41979966611026
5025,100.43958333333335
5032,93.41979966611026
5034,93.41979966611026
5036,93.41979966611026
5038,93.41979966611026
5039,112.16189445196221
5046,100.43958333333335
5049,112.16189445196221
5051,100.43958333333335
5052,93.41979966611026
5053,112.16189445196221
5054,100.43958333333335
5055,100.43958333333335
5057,93.41979966611026
5059,93.41979966611026
5062,100.43958333333335
5063,112.16189445196221
5065,112.16189445196221
5069,93.41979966611026
5071,100.43958333333335
5074,112.16189445196221
5075,93.41979966611026
5076,112.16189445196221
5077,77.45058252427184
5079,103.22658256880727
5080,100.43958333333335
5081,112.16189445196221
5083,103.22658256880727
5088,103.22658256880727
5089,93.41979966611026
5093,112.16189445196221
5094,103.22658256880727
5095,108.24
5099,111.86898550724639
5101,112.16189445196221
5103,103.22658256880727
5104,93.41979966611026
5105,112.16189445196221
5107,93.41979966611026
5108,112.16189445196221
5109,93.41979966611026
5111,93.41979966611026
5112,112.16189445196221
5113,93.41979966611026
5114,112.16189445196221
5115,93.41979966611026
5118,93.41979966611026
5122,95.0136086956522
5123,77.45058252427184
5125,93.41979966611026
5127,103.22658256880727
5128,93.41979966611026
5129,114.72999999999999
5132,93.41979966611026
5134,112.16189445196221
5135,93.41979966611026
5137,112.16189445196221
5142,93.41979966611026
5143,103.22658256880727
5144,93.41979966611026
5148,93.41979966611026
5149,93.41979966611026
5150,103.22658256880727
5154,77.45058252427184
5155,93.41979966611026
5159,93.41979966611026
5164,93.41979966611026
5165,112.16189445196221
5166,93.41979966611026
5167,112.16189445196221
5169,93.41979966611026
5171,93.41979966611026
5172,112.16189445196221
5176,93.41979966611026
5184,112.16189445196221
5185,93.41979966611026
5186,112.16189445196221
5188,103.22658256880727
5189,112.16189445196221
5190,93.41979966611026
5191,112.16189445196221
5193,112.16189445196221
5196,95.0136086956522
5199,77.45058252427184
5200,103.22658256880727
5203,93.41979966611026
5204,112.16189445196221
5205,93.41979966611026
5207,93.41979966611026
5208,111.86898550724639
5212,93.41979966611026
5214,93.41979966611026
5218,93.41979966611026
5220,93.41979966611026
5222,93.41979966611026
5224,95.0136086956522
5225,103.22658256880727
5227,112.16189445196221
5229,103.22658256880727
5232,93.41979966611026
5233,117.2417777777778
5234,103.22658256880727
5237,112.16189445196221
5239,111.86898550724639
5240,93.41979966611026
5241,112.16189445196221
5244,93.41979966611026
5248,112.16189445196221
5251,93.41979966611026
5253,93.41979966611026
5255,93.41979966611026
5256,103.22658256880727
5257,93.41979966611026
5259,95.0136086956522
5260,112.16189445196221
5266,93.41979966611026
5268,93.41979966611026
5275,112.16189445196221
5276,112.16189445196221
5277,93.41979966611026
5279,93.41979966611026
5280,103.22658256880727
5281,95.0136086956522
5283,93.41979966611026
5284,77.45058252427184
5285,95.0136086956522
5286,103.22658256880727
5287,93.41979966611026
5289,93.41979966611026
5290,112.16189445196221
5292,103.22658256880727
5293,95.0136086956522
5294,103.22658256880727
5297,93.41979966611026
5299,103.22658256880727
5302,93.41979966611026
5305,77.45058252427184
5306,93.41979966611026
5308,93.41979966611026
5309,93.41979966611026
5310,112.16189445196221
5312,112.16189445196221
5316,112.16189445196221
5317,95.0136086956522
5319,77.45058252427184
5320,95.0136086956522
5323,93.41979966611026
5329,112.16189445196221
5331,112.16189445196221
5334,112.16189445196221
5336,112.16189445196221
5338,103.22658256880727
5341,93.41979966611026
5345,93.41979966611026
5348,93.41979966611026
5349,112.16189445196221
5355,103.22658256880727
5356,93.41979966611026
5360,103.22658256880727
5362,112.16189445196221
5364,112.16189445196221
5366,103.22658256880727
5367,93.41979966611026
5368,93.41979966611026
5370,93.41979966611026
5371,77.45058252427184
5373,103.22658256880727
5375,112.16189445196221
5376,93.41979966611026
5378,112.16189445196221
5379,93.41979966611026
5383,93.41979966611026
5384,103.22658256880727
5389,112.16189445196221
5391,77.45058252427184
5393,112.16189445196221
5395,112.16189445196221
5397,112.16189445196221
5398,93.41979966611026
5399,112.16189445196221
5401,117.2417777777778
5402,93.41979966611026
5403,112.16189445196221
5404,93.41979966611026
5407,77.45058252427184
5408,95.0136086956522
5413,111.86898550724639
5414,93.41979966611026
5417,95.0136086956522
5418,103.22658256880727
5420,112.16189445196221
5421,93.41979966611026
5424,93.41979966611026
5425,112.16189445196221
5426,93.41979966611026
5429,112.16189445196221
5431,93.41979966611026
5437,103.22658256880727
5440,93.41979966611026
5444,103.22658256880727
5446,103.22658256880727
5447,93.41979966611026
5451,93.41979966611026
5452,112.16189445196221
5455,103.22658256880727
5456,93.41979966611026
5458,93.41979966611026
5459,112.16189445196221
5460,93.41979966611026
5462,95.0136086956522
5463,112.16189445196221
5464,93.41979966611026
5465,112.16189445196221
5466,95.0136086956522
5467,103.22658256880727
5468,93.41979966611026
5469,112.16189445196221
5472,93.41979966611026
5474,93.41979966611026
5475,112.16189445196221
5476,95.0136086956522
5479,103.22658256880727
5480,112.16189445196221
5482,112.16189445196221
5485,93.41979966611026
5486,117.2417777777778
5488,77.45058252427184
5495,103.22658256880727
5496,93.41979966611026
5497,112.16189445196221
5499,112.16189445196221
5503,93.41979966611026
5504,93.41979966611026
5507,95.0136086956522
5509,93.41979966611026
5511,93.41979966611026
5512,112.16189445196221
5516,112.16189445196221
5517,95.0136086956522
5518,103.22658256880727
5521,93.41979966611026
5522,103.22658256880727
5527,95.0136086956522
5528,93.41979966611026
5529,112.16189445196221
5532,93.41979966611026
5533,112.16189445196221
5535,118.23
5536,104.292
5540,93.41979966611026
5547,93.41979966611026
5548,112.16189445196221
5550,77.45058252427184
5551,93.41979966611026
5554,112.16189445196221
5555,93.41979966611026
5559,112.16189445196221
5560,93.41979966611026
5561,112.16189445196221
5562,93.41979966611026
5563,112.16189445196221
5565,77.45058252427184
5566,93.41979966611026
5567,103.22658256880727
5568,95.0136086956522
5572,95.0136086956522
5574,93.41979966611026
5576,93.41979966611026
5579,112.16189445196221
5580,77.45058252427184
5581,95.0136086956522
5583,93.41979966611026
5584,112.16189445196221
5586,112.16189445196221
5587,93.41979966611026
5589,103.22658256880727
5591,103.22658256880727
5592,93.41979966611026
5593,112.16189445196221
5594,95.0136086956522
5595,77.45058252427184
5596,112.16189445196221
5597,112.16189445196221
5598,117.2417777777778
5599,93.41979966611026
5602,112.16189445196221
5603,95.0136086956522
5605,93.41979966611026
5607,93.41979966611026
5608,112.16189445196221
5609,93.41979966611026
5610,93.41979966611026
5612,93.41979966611026
5613,112.16189445196221
5614,93.41979966611026
5616,93.41979966611026
5621,95.0136086956522
5623,93.41979966611026
5628,111.86898550724639
5629,93.41979966611026
5631,93.41979966611026
5633,93.41979966611026
5638,103.22658256880727
5639,108.24
5640,103.22658256880727
5645,93.41979966611026
5646,77.45058252427184
5649,93.41979966611026
5653,112.16189445196221
5655,112.16189445196221
5656,93.41979966611026
5658,93.41979966611026
5662,117.2417777777778
5663,93.41979966611026
5667,95.0136086956522
5670,93.41979966611026
5671,103.22658256880727
5672,93.41979966611026
5673,103.22658256880727
5674,93.41979966611026
5675,103.22658256880727
5676,93.41979966611026
5679,112.16189445196221
5683,112.16189445196221
5687,95.0136086956522
5688,77.45058252427184
5690,93.41979966611026
5691,112.16189445196221
5692,93.41979966611026
5693,111.86898550724639
5694,95.0136086956522
5697,112.16189445196221
5698,93.41979966611026
5699,112.16189445196221
5704,93.41979966611026
5707,112.16189445196221
5709,103.22658256880727
5710,93.41979966611026
5714,93.41979966611026
5718,93.41979966611026
5721,93.41979966611026
5723,93.41979966611026
5724,112.16189445196221
5725,93.41979966611026
5726,112.16189445196221
5729,95.0136086956522
5730,103.22658256880727
5731,93.41979966611026
5733,77.45058252427184
5736,93.41979966611026
5741,103.22658256880727
5745,112.16189445196221
5747,93.41979966611026
5748,103.22658256880727
5750,112.16189445196221
5751,93.41979966611026
5752,93.41979966611026
5754,93.41979966611026
5755,93.41979966611026
5757,93.41979966611026
5758,117.2417777777778
5760,103.22658256880727
5762,103.22658256880727
5766,112.16189445196221
5768,95.0136086956522
5769,117.2417777777778
5770,93.41979966611026
5771,112.16189445196221
5772,93.41979966611026
5773,111.86898550724639
5774,93.41979966611026
5776,93.41979966611026
5777,112.16189445196221
5778,93.41979966611026
5780,112.16189445196221
5782,93.41979966611026
5783,77.45058252427184
5784,95.0136086956522
5786,93.41979966611026
5788,95.0136086956522
5789,112.16189445196221
5790,93.41979966611026
5791,103.22658256880727
5793,103.22658256880727
5794,93.41979966611026
5796,117.2417777777778
5797,93.41979966611026
5801,93.41979966611026
5803,95.0136086956522
5804,112.16189445196221
5805,93.41979966611026
5806,77.45058252427184
5808,112.16189445196221
5813,93.41979966611026
5815,95.0136086956522
5816,103.22658256880727
5822,93.41979966611026
5823,112.16189445196221
5825,103.22658256880727
5827,112.16189445196221
5829,103.22658256880727
5830,93.41979966611026
5831,112.16189445196221
5832,93.41979966611026
5833,112.16189445196221
5837,111.86898550724639
5838,93.41979966611026
5839,95.0136086956522
5842,103.22658256880727
5844,112.16189445196221
5845,103.22658256880727
5846,112.16189445196221
5848,77.45058252427184
5850,112.16189445196221
5851,93.41979966611026
5853,95.0136086956522
5854,103.22658256880727
5858,103.22658256880727
5860,112.16189445196221
5864,103.22658256880727
5866,95.0136086956522
5867,112.16189445196221
5868,93.41979966611026
5869,112.16189445196221
5870,93.41979966611026
5871,112.16189445196221
5874,112.16189445196221
5876,112.16189445196221
5877,93.41979966611026
5878,93.41979966611026
5879,112.16189445196221
5880,93.41979966611026
5884,93.41979966611026
5886,112.16189445196221
5890,104.292
5896,93.41979966611026
5897,103.22658256880727
5898,95.0136086956522
5901,103.22658256880727
5903,112.16189445196221
5906,93.41979966611026
5908,112.16189445196221
5909,93.41979966611026
5910,112.16189445196221
5911,93.41979966611026
5912,112.16189445196221
5914,112.16189445196221
5919,112.16189445196221
5924,93.41979966611026
5926,93.41979966611026
5929,103.22658256880727
5930,93.41979966611026
5932,95.0136086956522
5933,112.16189445196221
5934,93.41979966611026
5935,112.16189445196221
5936,93.41979966611026
5937,112.16189445196221
5938,93.41979966611026
5939,111.86898550724639
5942,112.16189445196221
5943,93.41979966611026
5944,103.22658256880727
5946,112.16189445196221
5951,93.41979966611026
5953,103.22658256880727
5954,93.41979966611026
5957,103.22658256880727
5961,93.41979966611026
5962,103.22658256880727
5964,77.45058252427184
5965,95.0136086956522
5968,112.16189445196221
5969,93.41979966611026
5974,93.41979966611026
5975,112.16189445196221
5978,77.45058252427184
5981,103.22658256880727
5982,93.41979966611026
5983,155.62
5989,111.86898550724639
5991,93.41979966611026
5992,103.22658256880727
5995,93.41979966611026
5996,103.22658256880727
5997,112.16189445196221
5998,93.41979966611026
5999,77.45058252427184
6001,112.16189445196221
6002,108.24
6003,112.16189445196221
6004,93.41979966611026
6006,112.16189445196221
6007,93.41979966611026
6011,104.292
6012,103.22658256880727
6014,93.41979966611026
6015,103.22658256880727
6016,95.0136086956522
6017,112.16189445196221
6018,95.0136086956522
6024,93.41979966611026
6025,103.22658256880727
6026,112.16189445196221
6028,112.16189445196221
6029,77.45058252427184
6030,93.41979966611026
6036,112.16189445196221
6040,93.41979966611026
6041,112.16189445196221
6042,93.41979966611026
6044,93.41979966611026
6045,103.22658256880727
6047,103.22658256880727
6048,93.41979966611026
6049,112.16189445196221
6051,116.025
6052,112.16189445196221
6053,93.41979966611026
6054,112.16189445196221
6058,103.22658256880727
6059,93.41979966611026
6062,95.0136086956522
6063,123.92
6064,103.22658256880727
6065,93.41979966611026
6067,93.41979966611026
6068,112.16189445196221
6070,103.22658256880727
6071,104.292
6072,112.16189445196221
6080,112.16189445196221
6081,93.41979966611026
6084,103.22658256880727
6087,93.41979966611026
6089,103.22658256880727
6092,112.16189445196221
6094,93.41979966611026
6095,112.16189445196221
6097,112.16189445196221
6100,93.41979966611026
6104,103.22658256880727
6105,93.41979966611026
6106,112.16189445196221
6107,77.45058252427184
6108,93.41979966611026
6109,112.16189445196221
6110,93.41979966611026
6114,112.16189445196221
6116,93.41979966611026
6117,103.22658256880727
6118,93.41979966611026
6123,77.45058252427184
6125,112.16189445196221
6128,112.16189445196221
6130,103.22658256880727
6132,112.16189445196221
6137,77.45058252427184
6139,112.16189445196221
6140,93.41979966611026
6141,112.16189445196221
6142,103.22658256880727
6144,103.22658256880727
6145,95.0136086956522
6146,93.41979966611026
6149,93.41979966611026
6156,95.0136086956522
6159,112.16189445196221
6160,93.41979966611026
6162,103.22658256880727
6164,112.16189445196221
6165,93.41979966611026
6168,77.45058252427184
6169,112.16189445196221
6170,93.41979966611026
6171,112.16189445196221
6172,93.41979966611026
6173,112.16189445196221
6176,95.0136086956522
6177,93.41979966611026
6178,93.41979966611026
6180,93.41979966611026
6181,103.22658256880727
6182,93.41979966611026
6185,93.41979966611026
6186,112.16189445196221
6188,112.16189445196221
6189,93.41979966611026
6192,103.22658256880727
6193,93.41979966611026
6194,103.22658256880727
6195,93.41979966611026
6196,116.025
6197,93.41979966611026
6201,112.16189445196221
6202,93.41979966611026
6203,112.16189445196221
6204,93.41979966611026
6207,123.92
6209,93.41979966611026
6210,93.41979966611026
6211,112.16189445196221
6213,112.16189445196221
6216,93.41979966611026
6217,93.41979966611026
6219,93.41979966611026
6222,77.45058252427184
6223,93.41979966611026
6235,95.0136086956522
6240,93.41979966611026
6242,95.0136086956522
6247,93.41979966611026
6251,112.16189445196221
6254,112.16189445196221
6255,95.0136086956522
6260,102.152
6261,93.41979966611026
6262,103.22658256880727
6264,112.16189445196221
6269,103.22658256880727
6271,103.22658256880727
6275,112.16189445196221
6276,93.41979966611026
6278,93.41979966611026
6279,112.16189445196221
6281,112.16189445196221
6284,93.41979966611026
6286,93.41979966611026
6287,77.45058252427184
6288,93.41979966611026
6292,93.41979966611026
6293,93.41979966611026
6295,95.0136086956522
6298,112.16189445196221
6300,112.16189445196221
6304,103.22658256880727
6308,112.16189445196221
6310,95.0136086956522
6312,112.16189445196221
6320,93.41979966611026
6324,93.41979966611026
6325,112.16189445196221
6330,95.0136086956522
6336,112.16189445196221
6340,103.22658256880727
6341,95.0136086956522
6342,103.22658256880727
6344,93.41979966611026
6345,112.16189445196221
6347,112.16189445196221
6348,93.41979966611026
6349,112.16189445196221
6351,77.45058252427184
6353,112.16189445196221
6354,93.41979966611026
6357,93.41979966611026
6358,103.22658256880727
6360,103.22658256880727
6363,111.86898550724639
6364,93.41979966611026
6368,112.16189445196221
6370,93.41979966611026
6371,93.41979966611026
6377,93.41979966611026
6379,93.41979966611026
6381,93.41979966611026
6382,77.45058252427184
6383,112.16189445196221
6388,112.16189445196221
6390,112.16189445196221
6392,103.22658256880727
6393,93.41979966611026
6395,95.0136086956522
6398,103.22658256880727
6401,77.45058252427184
6402,93.41979966611026
6403,112.16189445196221
6405,93.41979966611026
6406,93.41979966611026
6407,112.16189445196221
6409,103.22658256880727
6411,93.41979966611026
6413,93.41979966611026
6416,103.22658256880727
6417,93.41979966611026
6418,93.41979966611026
6419,117.2417777777778
6420,112.16189445196221
6426,112.16189445196221
6429,93.41979966611026
6430,93.41979966611026
6431,112.16189445196221
6432,93.41979966611026
6434,93.41979966611026
6437,112.16189445196221
6438,93.41979966611026
6439,103.22658256880727
6440,93.41979966611026
6441,93.41979966611026
6442,112.16189445196221
6443,93.41979966611026
6445,93.41979966611026
6448,112.16189445196221
6450,112.16189445196221
6453,95.0136086956522
6455,93.41979966611026
6457,93.41979966611026
6458,112.16189445196221
6461,95.0136086956522
6464,112.16189445196221
6467,93.41979966611026
6469,95.0136086956522
6470,77.45058252427184
6471,93.41979966611026
6473,103.22658256880727
6474,93.41979966611026
6479,95.0136086956522
6481,93.41979966611026
6484,112.16189445196221
6495,93.41979966611026
6496,112.16189445196221
6505,112.16189445196221
6506,93.41979966611026
6508,95.0136086956522
6509,93.41979966611026
6510,103.22658256880727
6512,103.22658256880727
6513,93.41979966611026
6514,112.16189445196221
6515,93.41979966611026
6519,95.0136086956522
6521,93.41979966611026
6523,77.45058252427184
6525,103.22658256880727
6526,93.41979966611026
6528,93.41979966611026
6529,112.16189445196221
6531,103.22658256880727
6533,103.22658256880727
6534,93.41979966611026
6535,112.16189445196221
6536,93.41979966611026
6537,112.16189445196221
6540,93.41979966611026
6541,112.16189445196221
6547,93.41979966611026
6548,112.16189445196221
6551,112.16189445196221
6553,112.16189445196221
6555,103.22658256880727
6556,95.0136086956522
6561,77.45058252427184
6564,93.41979966611026
6565,112.16189445196221
6568,93.41979966611026
6569,112.16189445196221
6573,103.22658256880727
6574,95.0136086956522
6577,112.16189445196221
6579,111.86898550724639
6581,93.41979966611026
6582,112.16189445196221
6585,103.22658256880727
6586,95.0136086956522
6589,103.22658256880727
6590,77.45058252427184
6593,93.41979966611026
6594,112.16189445196221
6595,93.41979966611026
6599,93.41979966611026
6600,93.41979966611026
6601,112.16189445196221
6602,93.41979966611026
6603,112.16189445196221
6604,93.41979966611026
6607,103.22658256880727
6608,103.22658256880727
6609,95.0136086956522
6611,93.41979966611026
6613,112.16189445196221
6614,93.41979966611026
6616,93.41979966611026
6617,112.16189445196221
6618,93.41979966611026
6619,103.22658256880727
6621,103.22658256880727
6627,103.22658256880727
6629,112.16189445196221
6631,77.45058252427184
6634,95.0136086956522
6636,93.41979966611026
6638,93.41979966611026
6639,112.16189445196221
6641,112.16189445196221
6642,95.0136086956522
6651,114.72999999999999
6654,77.45058252427184
6657,93.41979966611026
6663,93.41979966611026
6665,112.16189445196221
6666,93.41979966611026
6668,93.41979966611026
6669,103.22658256880727
6670,93.41979966611026
6671,95.0136086956522
6673,93.41979966611026
6675,93.41979966611026
6676,77.45058252427184
6677,93.41979966611026
6679,93.41979966611026
6680,112.16189445196221
6681,103.22658256880727
6685,103.22658256880727
6688,93.41979966611026
6689,93.41979966611026
6690,112.16189445196221
6692,112.16189445196221
6693,93.41979966611026
6694,93.41979966611026
6698,117.2417777777778
6699,93.41979966611026
6700,112.16189445196221
6701,93.41979966611026
6702,112.16189445196221
6704,93.41979966611026
6707,112.16189445196221
6712,112.16189445196221
6713,93.41979966611026
6715,93.41979966611026
6721,112.16189445196221
6722,93.41979966611026
6723,112.16189445196221
6724,93.41979966611026
6725,117.2417777777778
6731,112.16189445196221
6735,77.45058252427184
6736,93.41979966611026
6737,103.22658256880727
6738,93.41979966611026
6739,103.22658256880727
6741,103.22658256880727
6743,93.41979966611026
6745,93.41979966611026
6747,112.16189445196221
6749,93.41979966611026
6750,103.22658256880727
6751,117.2417777777778
6752,108.24
6753,112.16189445196221
6755,112.16189445196221
6756,93.41979966611026
6757,103.22658256880727
6759,112.16189445196221
6761,93.41979966611026
6763,93.41979966611026
6764,117.2417777777778
6765,93.41979966611026
6766,112.16189445196221
6768,112.16189445196221
6771,93.41979966611026
6773,93.41979966611026
6774,93.41979966611026
6778,103.22658256880727
6779,95.0136086956522
6781,93.41979966611026
6784,93.41979966611026
6786,93.41979966611026
6787,112.16189445196221
6790,93.41979966611026
6793,103.22658256880727
6795,112.16189445196221
6798,112.16189445196221
6806,103.22658256880727
6807,93.41979966611026
6810,93.41979966611026
6815,112.16189445196221
6816,93.41979966611026
6817,103.22658256880727
6818,93.41979966611026
6819,103.22658256880727
6820,93.41979966611026
6822,93.41979966611026
6823,117.2417777777778
6824,112.16189445196221
6825,93.41979966611026
6828,77.45058252427184
6829,146.83
6831,112.16189445196221
6832,93.41979966611026
6833,112.16189445196221
6834,93.41979966611026
6836,93.41979966611026
6837,112.16189445196221
6838,93.41979966611026
6840,103.22658256880727
6843,93.41979966611026
6845,93.41979966611026
6846,93.41979966611026
6847,112.16189445196221
6851,112.16189445196221
6852,93.41979966611026
6853,112.16189445196221
6858,93.41979966611026
6861,112.16189445196221
6863,112.16189445196221
6864,77.45058252427184
6865,95.0136086956522
6866,112.16189445196221
6867,95.0136086956522
6868,103.22658256880727
6869,93.41979966611026
6870,112.16189445196221
6874,112.16189445196221
6875,93.41979966611026
6877,112.16189445196221
6878,93.41979966611026
6880,93.41979966611026
6883,112.16189445196221
6884,93.41979966611026
6886,95.0136086956522
6890,95.0136086956522
6893,112.16189445196221
6894,93.41979966611026
6899,112.16189445196221
6900,93.41979966611026
6904,93.41979966611026
6905,112.16189445196221
6906,93.41979966611026
6910,93.41979966611026
6912,103.22658256880727
6913,112.16189445196221
6920,93.41979966611026
6922,93.41979966611026
6923,112.16189445196221
6926,93.41979966611026
6927,112.16189445196221
6928,93.41979966611026
6931,112.16189445196221
6933,93.41979966611026
6936,93.41979966611026
6937,112.16189445196221
6939,117.23666666666668
6941,93.41979966611026
6942,117.23666666666668
6943,93.41979966611026
6944,103.22658256880727
6945,93.41979966611026
6946,112.16189445196221
6947,117.2417777777778
6949,103.22658256880727
6951,103.22658256880727
6953,117.23666666666668
6954,93.41979966611026
6955,112.16189445196221
6963,112.16189445196221
6964,93.41979966611026
6966,93.41979966611026
6968,93.41979966611026
6970,103.22658256880727
6972,117.23666666666668
6976,112.16189445196221
6978,112.16189445196221
6981,103.22658256880727
6985,102.152
6986,93.41979966611026
6987,112.16189445196221
6989,112.16189445196221
6991,117.2417777777778
6993,117.23666666666668
6994,93.41979966611026
6995,112.16189445196221
6996,93.41979966611026
6997,112.16189445196221
6998,77.45058252427184
7001,112.16189445196221
7003,117.23666666666668
7006,93.41979966611026
7008,104.292
7010,93.41979966611026
7011,93.41979966611026
7012,117.23666666666668
7013,93.41979966611026
7014,112.16189445196221
7017,103.22658256880727
7018,93.41979966611026
7019,93.41979966611026
7023,93.41979966611026
7024,103.22658256880727
7025,93.41979966611026
7026,112.16189445196221
7027,93.41979966611026
7028,117.23666666666668
7030,112.16189445196221
7031,93.41979966611026
7033,112.16189445196221
7036,93.41979966611026
7037,93.41979966611026
7039,93.41979966611026
7044,93.41979966611026
7045,112.16189445196221
7046,93.41979966611026
7049,103.22658256880727
7050,93.41979966611026
7051,103.22658256880727
7054,112.16189445196221
7055,93.41979966611026
7057,93.41979966611026
7060,112.16189445196221
7061,95.0136086956522
7063,93.41979966611026
7064,112.16189445196221
7067,93.41979966611026
7071,93.41979966611026
7074,103.22658256880727
7075,93.41979966611026
7078,112.16189445196221
7079,93.41979966611026
7080,112.16189445196221
7081,95.0136086956522
7082,112.16189445196221
7083,93.41979966611026
7085,112.16189445196221
7092,103.22658256880727
7094,93.41979966611026
7100,93.41979966611026
7101,112.16189445196221
7102,112.16189445196221
7104,112.16189445196221
7105,95.0136086956522
7106,93.41979966611026
7107,103.22658256880727
7108,77.45058252427184
7109,93.41979966611026
7110,112.16189445196221
7112,93.41979966611026
7113,103.22658256880727
7114,93.41979966611026
7116,112.16189445196221
7117,95.0136086956522
7118,103.22658256880727
7120,95.0136086956522
7121,103.22658256880727
7123,103.22658256880727
7124,95.0136086956522
7127,103.22658256880727
7131,103.22658256880727
7132,93.41979966611026
7133,93.41979966611026
7134,112.16189445196221
7135,93.41979966611026
7136,112.16189445196221
7137,93.41979966611026
7141,93.41979966611026
7144,103.22658256880727
7147,112.16189445196221
7148,93.41979966611026
7150,93.41979966611026
7151,95.0136086956522
7152,103.22658256880727
7154,93.41979966611026
7156,95.0136086956522
7157,103.22658256880727
7159,117.2417777777778
7161,95.0136086956522
7163,93.41979966611026
7164,103.22658256880727
7167,77.45058252427184
7169,103.22658256880727
7170,95.0136086956522
7173,93.41979966611026
7174,103.22658256880727
7177,112.16189445196221
7178,103.22658256880727
7179,93.41979966611026
7180,77.45058252427184
7181,112.16189445196221
7182,93.41979966611026
7184,93.41979966611026
7185,112.16189445196221
7186,93.41979966611026
7187,114.72999999999999
7188,93.41979966611026
7189,112.16189445196221
7191,103.22658256880727
7193,112.16189445196221
7197,93.41979966611026
7199,93.41979966611026
7200,112.16189445196221
7201,93.41979966611026
7204,93.41979966611026
7207,112.16189445196221
7209,112.16189445196221
7210,93.41979966611026
7211,103.22658256880727
7213,93.41979966611026
7214,112.16189445196221
7216,112.16189445196221
7217,93.41979966611026
7220,112.16189445196221
7224,112.16189445196221
7225,93.41979966611026
7226,112.16189445196221
7227,93.41979966611026
7234,112.16189445196221
7236,77.45058252427184
7239,103.22658256880727
7240,95.0136086956522
7242,111.86898550724639
7244,112.16189445196221
7245,93.41979966611026
7247,112.16189445196221
7248,93.41979966611026
7249,117.2417777777778
7250,112.16189445196221
7251,93.41979966611026
7252,112.16189445196221
7253,77.45058252427184
7256,95.0136086956522
7260,93.41979966611026
7261,112.16189445196221
7264,93.41979966611026
7269,112.16189445196221
7270,93.41979966611026
7273,112.16189445196221
7279,93.41979966611026
7281,112.16189445196221
7284,93.41979966611026
7285,112.16189445196221
7286,117.2417777777778
7287,93.41979966611026
7289,93.41979966611026
7292,93.41979966611026
7293,112.16189445196221
7296,93.41979966611026
7297,112.16189445196221
7298,93.41979966611026
7299,112.16189445196221
7301,103.22658256880727
7304,112.16189445196221
7306,111.86898550724639
7308,93.41979966611026
7309,103.22658256880727
7312,93.41979966611026
7313,77.45058252427184
7314,93.41979966611026
7316,93.41979966611026
7319,112.16189445196221
7321,93.41979966611026
7323,95.0136086956522
7324,103.22658256880727
7325,93.41979966611026
7328,103.22658256880727
7330,77.45058252427184
7334,93.41979966611026
7337,112.16189445196221
7338,93.41979966611026
7339,93.41979966611026
7341,93.41979966611026
7342,112.16189445196221
7344,112.16189445196221
7345,112.16189445196221
7347,112.16189445196221
7349,112.16189445196221
7350,93.41979966611026
7353,112.16189445196221
7355,112.16189445196221
7356,93.41979966611026
7357,112.16189445196221
7358,95.0136086956522
7360,93.41979966611026
7363,103.22658256880727
7364,93.41979966611026
7366,93.41979966611026
7368,93.41979966611026
7369,112.16189445196221
7370,93.41979966611026
7373,93.41979966611026
7374,112.16189445196221
7375,93.41979966611026
7377,95.0136086956522
7379,93.41979966611026
7380,117.2417777777778
7382,112.16189445196221
7383,93.41979966611026
7385,93.41979966611026
7386,103.22658256880727
7391,93.41979966611026
7394,111.86898550724639
7396,112.16189445196221
7397,93.41979966611026
7399,95.0136086956522
7400,103.22658256880727
7403,77.45058252427184
7405,112.16189445196221
7408,112.16189445196221
7414,112.16189445196221
7416,103.22658256880727
7417,93.41979966611026
7419,93.41979966611026
7420,111.86898550724639
7421,95.0136086956522
7422,93.41979966611026
7423,103.22658256880727
7425,77.45058252427184
7430,93.41979966611026
7432,93.41979966611026
7433,93.41979966611026
7434,112.16189445196221
7436,112.16189445196221
7437,93.41979966611026
7438,103.22658256880727
7440,103.22658256880727
7441,93.41979966611026
7442,112.16189445196221
7445,112.16189445196221
7446,103.22658256880727
7448,112.16189445196221
7450,103.22658256880727
7451,93.41979966611026
7454,112.16189445196221
7455,93.41979966611026
7457,112.16189445196221
7459,103.22658256880727
7462,93.41979966611026
7464,93.41979966611026
7465,112.16189445196221
7466,93.41979966611026
7467,112.16189445196221
7469,112.16189445196221
7472,93.41979966611026
7473,112.16189445196221
7479,93.41979966611026
7480,103.22658256880727
7484,112.16189445196221
7491,93.41979966611026
7494,103.22658256880727
7495,93.41979966611026
7501,93.41979966611026
7503,93.41979966611026
7504,103.22658256880727
7505,93.41979966611026
7508,112.16189445196221
7509,93.41979966611026
7510,77.45058252427184
7511,112.16189445196221
7515,93.41979966611026
7516,103.22658256880727
7517,93.41979966611026
7518,103.22658256880727
7519,93.41979966611026
7521,93.41979966611026
7522,103.22658256880727
7524,103.22658256880727
7526,103.22658256880727
7527,93.41979966611026
7528,103.22658256880727
7529,93.41979966611026
7534,112.16189445196221
7537,112.16189445196221
7538,93.41979966611026
7540,93.41979966611026
7541,112.16189445196221
7545,112.16189445196221
7551,112.16189445196221
7553,93.41979966611026
7554,103.22658256880727
7555,93.41979966611026
7561,112.16189445196221
7562,93.41979966611026
7564,93.41979966611026
7565,103.22658256880727
7566,95.0136086956522
7567,111.86898550724639
7569,103.22658256880727
7570,93.41979966611026
7571,114.72999999999999
7572,93.41979966611026
7574,103.22658256880727
7578,112.16189445196221
7579,93.41979966611026
7586,93.41979966611026
7587,77.45058252427184
7590,93.41979966611026
7593,112.16189445196221
7594,93.41979966611026
7595,95.0136086956522
7600,93.41979966611026
7601,77.45058252427184
7602,93.41979966611026
7603,112.16189445196221
7604,93.41979966611026
7606,93.41979966611026
7608,112.16189445196221
7613,77.45058252427184
7615,112.16189445196221
7616,112.16189445196221
7617,112.16189445196221
7618,93.41979966611026
7619,103.22658256880727
7622,93.41979966611026
7623,103.22658256880727
7624,93.41979966611026
7625,103.22658256880727
7626,93.41979966611026
7627,103.22658256880727
7628,77.45058252427184
7631,103.22658256880727
7632,103.22658256880727
7633,95.0136086956522
7634,111.86898550724639
7635,93.41979966611026
7636,112.16189445196221
7637,112.16189445196221
7639,93.41979966611026
7640,77.45058252427184
7644,112.16189445196221
7645,93.41979966611026
7648,103.22658256880727
7649,93.41979966611026
7650,112.16189445196221
7652,112.16189445196221
7653,93.41979966611026
7655,93.41979966611026
7659,112.16189445196221
7662,93.41979966611026
7664,93.41979966611026
7666,95.0136086956522
7668,93.41979966611026
7669,111.86898550724639
7670,93.41979966611026
7672,93.41979966611026
7673,112.16189445196221
7678,93.41979966611026
7679,77.45058252427184
7680,103.22658256880727
7683,93.41979966611026
7685,117.2417777777778
7688,93.41979966611026
7690,112.16189445196221
7692,93.41979966611026
7693,95.0136086956522
7695,112.16189445196221
7696,93.41979966611026
7698,93.41979966611026
7699,112.16189445196221
7702,93.41979966611026
7703,112.16189445196221
7704,93.41979966611026
7707,112.16189445196221
7713,82.38666666666667
7715,103.22658256880727
7717,112.16189445196221
7718,93.41979966611026
7719,103.22658256880727
7721,111.86898550724639
7722,95.0136086956522
7725,103.22658256880727
7727,103.22658256880727
7730,77.45058252427184
7733,93.41979966611026
7735,103.22658256880727
7740,112.16189445196221
7741,112.16189445196221
7742,93.41979966611026
7744,112.16189445196221
7747,93.41979966611026
7750,77.45058252427184
7752,112.16189445196221
7754,112.16189445196221
7756,103.22658256880727
7757,95.0136086956522
7758,103.22658256880727
7760,103.22658256880727
7761,95.0136086956522
7763,112.16189445196221
7765,93.41979966611026
7767,112.16189445196221
7768,93.41979966611026
7771,95.0136086956522
7773,93.41979966611026
7774,112.16189445196221
7776,103.22658256880727
7779,93.41979966611026
7783,93.41979966611026
7786,103.22658256880727
7787,93.41979966611026
7789,93.41979966611026
7791,93.41979966611026
7793,93.41979966611026
7794,112.16189445196221
7795,93.41979966611026
7799,77.45058252427184
7800,112.16189445196221
7802,93.41979966611026
7805,112.16189445196221
7807,103.22658256880727
7808,93.41979966611026
7811,103.22658256880727
7817,112.16189445196221
7818,103.22658256880727
7819,93.41979966611026
7822,93.41979966611026
7823,112.16189445196221
7825,112.16189445196221
7828,93.41979966611026
7832,93.41979966611026
7833,77.45058252427184
7834,112.16189445196221
7835,93.41979966611026
7837,95.0136086956522
7840,93.41979966611026
7842,93.41979966611026
7843,112.16189445196221
7844,93.41979966611026
7846,95.0136086956522
7850,93.41979966611026
7853,112.16189445196221
7855,112.16189445196221
7858,93.41979966611026
7863,112.16189445196221
7865,112.16189445196221
7866,93.41979966611026
7868,93.41979966611026
7869,112.16189445196221
7871,77.45058252427184
7872,103.22658256880727
7874,103.22658256880727
7877,112.16189445196221
7878,93.41979966611026
7879,112.16189445196221
7881,93.41979966611026
7883,93.41979966611026
7885,103.22658256880727
7886,93.41979966611026
7889,95.0136086956522
7890,103.22658256880727
7891,93.41979966611026
7893,93.41979966611026
7894,103.22658256880727
7896,112.16189445196221
7898,103.22658256880727
7901,93.41979966611026
7902,112.16189445196221
7904,112.16189445196221
7905,93.41979966611026
7906,111.86898550724639
7909,93.41979966611026
7910,103.22658256880727
7913,93.41979966611026
7918,112.16189445196221
7919,93.41979966611026
7923,93.41979966611026
7925,95.0136086956522
7927,93.41979966611026
7930,93.41979966611026
7932,95.0136086956522
7933,93.41979966611026
7935,93.41979966611026
7939,103.22658256880727
7942,93.41979966611026
7943,111.86898550724639
7945,103.22658256880727
7946,93.41979966611026
7948,93.41979966611026
7949,112.16189445196221
7950,93.41979966611026
7951,112.16189445196221
7955,103.22658256880727
7959,93.41979966611026
7960,112.16189445196221
7961,93.41979966611026
7962,103.22658256880727
7964,103.22658256880727
7965,95.0136086956522
7966,112.16189445196221
7967,103.22658256880727
7968,95.0136086956522
7971,103.22658256880727
7974,93.41979966611026
7976,128.78
7978,112.16189445196221
7982,112.16189445196221
7983,93.41979966611026
7984,103.22658256880727
7986,93.41979966611026
7989,112.16189445196221
7991,112.16189445196221
7992,112.16189445196221
7993,93.41979966611026
7994,112.16189445196221
7995,93.41979966611026
7997,93.41979966611026
7998,103.22658256880727
7999,112.16189445196221
8002,93.41979966611026
8007,93.41979966611026
8009,93.41979966611026
8011,93.41979966611026
8013,95.0136086956522
8015,103.22658256880727
8017,112.16189445196221
8019,117.2417777777778
8023,93.41979966611026
8024,112.16189445196221
8026,112.16189445196221
8027,93.41979966611026
8029,93.41979966611026
8030,112.16189445196221
8031,93.41979966611026
8033,108.24
8035,93.41979966611026
8036,103.22658256880727
8039,103.22658256880727
8042,93.41979966611026
8044,93.41979966611026
8046,77.45058252427184
8048,112.16189445196221
8049,93.41979966611026
8050,103.22658256880727
8053,93.41979966611026
8054,93.41979966611026
8059,93.41979966611026
8061,93.41979966611026
8062,112.16189445196221
8064,112.16189445196221
8066,103.22658256880727
8067,93.41979966611026
8068,93.41979966611026
8070,93.41979966611026
8071,112.16189445196221
8072,93.41979966611026
8076,93.41979966611026
8080,93.41979966611026
8081,146.83
8084,104.292
8087,112.16189445196221
8089,93.41979966611026
8090,117.2417777777778
8091,103.22658256880727
8094,112.16189445196221
8100,93.41979966611026
8101,95.0136086956522
8110,93.41979966611026
8111,112.16189445196221
8112,93.41979966611026
8115,111.86898550724639
8116,93.41979966611026
8118,112.16189445196221
8121,117.2417777777778
8125,112.16189445196221
8127,112.16189445196221
8128,93.41979966611026
8129,112.16189445196221
8131,93.41979966611026
8138,93.41979966611026
8139,103.22658256880727
8140,93.41979966611026
8141,93.41979966611026
8142,112.16189445196221
8143,112.16189445196221
8145,112.16189445196221
8146,93.41979966611026
8148,112.16189445196221
8153,112.16189445196221
8154,93.41979966611026
8155,148.94
8161,93.41979966611026
8162,112.16189445196221
8163,93.41979966611026
8166,112.16189445196221
8168,112.16189445196221
8170,93.41979966611026
8172,112.16189445196221
8173,93.41979966611026
8176,103.22658256880727
8179,93.41979966611026
8181,95.0136086956522
8182,117.2417777777778
8184,112.16189445196221
8190,103.22658256880727
8191,93.41979966611026
8194,112.16189445196221
8196,111.86898550724639
8198,112.16189445196221
8199,112.16189445196221
8201,112.16189445196221
8202,93.41979966611026
8207,95.0136086956522
8208,112.16189445196221
8211,112.16189445196221
8214,112.16189445196221
8217,93.41979966611026
8218,112.16189445196221
8222,93.41979966611026
8229,103.22658256880727
8231,93.41979966611026
8233,95.0136086956522
8236,93.41979966611026
8238,112.16189445196221
8240,103.22658256880727
8243,103.22658256880727
8246,112.16189445196221
8250,93.41979966611026
8254,95.0136086956522
8256,77.45058252427184
8257,112.16189445196221
8258,93.41979966611026
8260,93.41979966611026
8261,112.16189445196221
8263,111.86898550724639
8264,93.41979966611026
8267,112.16189445196221
8268,93.41979966611026
8271,93.41979966611026
8272,112.16189445196221
8275,93.41979966611026
8276,95.0136086956522
8277,103.22658256880727
8278,117.2417777777778
8279,93.41979966611026
8280,112.16189445196221
8281,93.41979966611026
8282,112.16189445196221
8287,112.16189445196221
8288,93.41979966611026
8289,112.16189445196221
8294,93.41979966611026
8296,93.41979966611026
8299,112.16189445196221
8302,103.22658256880727
8308,112.16189445196221
8314,103.22658256880727
8315,95.0136086956522
8316,111.86898550724639
8317,93.41979966611026
8319,112.16189445196221
8320,93.41979966611026
8321,117.2417777777778
8323,93.41979966611026
8325,93.41979966611026
8326,112.16189445196221
8328,112.16189445196221
8330,112.16189445196221
8331,93.41979966611026
8332,112.16189445196221
8334,93.41979966611026
8338,93.41979966611026
8339,93.41979966611026
8341,93.41979966611026
8345,112.16189445196221
8346,95.0136086956522
8347,103.22658256880727
8349,93.41979966611026
8351,93.41979966611026
8352,112.16189445196221
8353,112.16189445196221
8355,112.16189445196221
8358,112.16189445196221
8359,112.16189445196221
8360,93.41979966611026
8361,112.16189445196221
8363,103.22658256880727
8364,93.41979966611026
8365,95.0136086956522
8366,103.22658256880727
8370,112.16189445196221
8372,93.41979966611026
8376,95.0136086956522
8377,112.16189445196221
8379,112.16189445196221
8380,93.41979966611026
8381,112.16189445196221
8386,93.41979966611026
8388,103.22658256880727
8389,93.41979966611026
8391,112.16189445196221
8394,95.0136086956522
8396,103.22658256880727
8398,103.22658256880727
8400,112.16189445196221
8401,93.41979966611026
8404,93.41979966611026
8407,93.41979966611026
8408,112.16189445196221
8409,112.16189445196221
8410,103.22658256880727
8411,93.41979966611026
8413,93.41979966611026
8414,112.16189445196221
8416,93.41979966611026
